*.uuid,*.event,*.properties.$timezone_offset,*.properties.distinct_id,*.properties.$os_version,*.properties.$browser_version,*.properties.$screen_height,*.properties.$autocapture_disabled_server_side,*.properties.$device,*.properties.$product_tours_enabled_server_side,*.properties.$web_vitals_allowed_metrics,*.properties.token,*.properties.$config_defaults,*.properties.$referrer,*.properties.$session_id,*.properties.$timezone,*.properties.$pageview_id,*.properties.$lib_rate_limit_remaining_tokens,*.properties.$feature_flag_request_id,*.properties.$browser_language_prefix,*.properties.$host,*.properties.$screen_width,*.properties.$browser_language,*.properties.$lib_version,*.properties.$window_id,*.properties.$web_vitals_enabled_server_side,*.properties.$sdk_debug_retry_queue_size,*.properties.$is_identified,*.properties.$current_url,*.properties.$device_id,*.properties.$configured_session_timeout_ms,*.properties.$initialization_time,*.properties.$os,*.properties.$viewport_height,*.properties.$lib,*.properties.$referring_domain,*.properties.$device_type,*.properties.$viewport_width,*.properties.$insert_id,*.properties.$recording_status,*.properties.$user_id,*.properties.$browser,*.properties.$sdk_debug_extensions_init_method,*.properties.$sdk_debug_extensions_init_time_ms,*.properties.$pathname,*.properties.$raw_user_agent,*.properties.$feature_flag_evaluated_at,*.properties.$dead_clicks_enabled_server_side,*.properties.$exception_capture_enabled_server_side,*.properties.$time,*.properties.$ip,*.properties.$sent_at,*.properties.$set.$geoip_city_name,*.properties.$set.$geoip_city_confidence,*.properties.$set.$geoip_subdivision_2_name,*.properties.$set.$geoip_subdivision_2_code,*.properties.$set.$geoip_subdivision_1_name,*.properties.$set.$geoip_subdivision_1_code,*.properties.$set.$geoip_country_name,*.properties.$set.$geoip_country_code,*.properties.$set.$geoip_continent_name,*.properties.$set.$geoip_continent_code,*.properties.$set.$geoip_postal_code,*.properties.$set.$geoip_latitude,*.properties.$set.$geoip_longitude,*.properties.$set.$geoip_accuracy_radius,*.properties.$set.$geoip_time_zone,*.properties.$set.$browser,*.properties.$set.$browser_version,*.properties.$set.$device_type,*.properties.$set.$current_url,*.properties.$set.$pathname,*.properties.$set.$os,*.properties.$set.$os_version,*.properties.$set.$referring_domain,*.properties.$set.$referrer,*.properties.$set.$screen_height,*.properties.$set.$screen_width,*.properties.$set.$viewport_height,*.properties.$set.$viewport_width,*.properties.$set.$raw_user_agent,*.properties.$set_once.$initial_geoip_city_name,*.properties.$set_once.$initial_geoip_city_confidence,*.properties.$set_once.$initial_geoip_subdivision_2_name,*.properties.$set_once.$initial_geoip_subdivision_2_code,*.properties.$set_once.$initial_geoip_subdivision_1_name,*.properties.$set_once.$initial_geoip_subdivision_1_code,*.properties.$set_once.$initial_geoip_country_name,*.properties.$set_once.$initial_geoip_country_code,*.properties.$set_once.$initial_geoip_continent_name,*.properties.$set_once.$initial_geoip_continent_code,*.properties.$set_once.$initial_geoip_postal_code,*.properties.$set_once.$initial_geoip_latitude,*.properties.$set_once.$initial_geoip_longitude,*.properties.$set_once.$initial_geoip_accuracy_radius,*.properties.$set_once.$initial_geoip_time_zone,*.properties.$set_once.$initial_browser,*.properties.$set_once.$initial_browser_version,*.properties.$set_once.$initial_device_type,*.properties.$set_once.$initial_current_url,*.properties.$set_once.$initial_pathname,*.properties.$set_once.$initial_os,*.properties.$set_once.$initial_os_version,*.properties.$set_once.$initial_referring_domain,*.properties.$set_once.$initial_referrer,*.properties.$set_once.$initial_screen_height,*.properties.$set_once.$initial_screen_width,*.properties.$set_once.$initial_viewport_height,*.properties.$set_once.$initial_viewport_width,*.properties.$set_once.$initial_raw_user_agent,*.properties.$geoip_city_name,*.properties.$geoip_country_name,*.properties.$geoip_country_code,*.properties.$geoip_continent_name,*.properties.$geoip_continent_code,*.properties.$geoip_postal_code,*.properties.$geoip_latitude,*.properties.$geoip_longitude,*.properties.$geoip_accuracy_radius,*.properties.$geoip_time_zone,*.properties.$geoip_subdivision_1_code,*.properties.$geoip_subdivision_1_name,*.properties.$transformations_succeeded.0,*.properties.$has_recording,*.timestamp,*.team_id,*.distinct_id,*.elements_chain,*.created_at,*.person_mode,*.properties.end_time,*.properties.video_duration_seconds,*.properties.source,*.properties.start_time,*.properties.watched_percent,*.properties.storybook_id,*.properties.watched_seconds,*.properties.$prev_pageview_last_scroll_percentage,*.properties.$prev_pageview_last_content,*.properties.$prev_pageview_max_scroll_percentage,*.properties.$prev_pageview_last_scroll,*.properties.$prev_pageview_max_content,*.properties.$prev_pageview_pathname,*.properties.$prev_pageview_last_content_percentage,*.properties.$prev_pageview_max_content_percentage,*.properties.$prev_pageview_max_scroll,*.properties.$prev_pageview_duration,*.properties.$prev_pageview_id,*.properties.title,*.properties.$event_type,*.properties.$ce_version,*.elements.0.text,*.elements.0.tag_name,*.elements.0.attr_class.0,*.elements.0.href,*.elements.0.attr_id,*.elements.0.nth_child,*.elements.0.nth_of_type,*.elements.0.attributes.attr__class,*.elements.0.attributes.attr__data-v-b51e9791,"*.elements.0.attributes.2""nth-of-type",*.elements.0.order,*.elements.1.text,*.elements.1.tag_name,*.elements.1.attr_class.0,*.elements.1.href,*.elements.1.attr_id,*.elements.1.nth_child,*.elements.1.nth_of_type,*.elements.1.attributes.attr__class,*.elements.1.attributes.attr__data-v-b51e9791,"*.elements.1.attributes.1""nth-of-type",*.elements.1.order,*.elements.2.text,*.elements.2.tag_name,*.elements.2.attr_class.0,*.elements.2.href,*.elements.2.attr_id,*.elements.2.nth_child,*.elements.2.nth_of_type,*.elements.2.attributes.attr__class,*.elements.2.attributes.attr__data-v-b51e9791,"*.elements.2.attributes.""nth-child",*.elements.2.order,*.elements.3.text,*.elements.3.tag_name,*.elements.3.attr_class.0,*.elements.3.href,*.elements.3.attr_id,*.elements.3.nth_child,*.elements.3.nth_of_type,*.elements.3.attributes.attr__class,*.elements.3.attributes.attr__data-v-ccff5985,"*.elements.3.attributes.1""nth-of-type",*.elements.3.order,*.elements.4.text,*.elements.4.tag_name,*.elements.4.attr_class.0,*.elements.4.href,*.elements.4.attr_id,*.elements.4.nth_child,*.elements.4.nth_of_type,*.elements.4.attributes.attr__class,*.elements.4.attributes.attr__data-v-ccff5985,"*.elements.4.attributes.1""nth-of-type",*.elements.4.order,*.elements.5.text,*.elements.5.tag_name,*.elements.5.attr_class,*.elements.5.href,*.elements.5.attr_id,*.elements.5.nth_child,*.elements.5.nth_of_type,*.elements.5.attributes.attr__data-v-app,"*.elements.5.attributes.app""attr_id",*.elements.5.order,*.elements.6.text,*.elements.6.tag_name,*.elements.6.attr_class,*.elements.6.href,*.elements.6.attr_id,*.elements.6.nth_child,*.elements.6.nth_of_type,*.elements.6.attributes.attr__style,*.elements.6.attributes.attr__youdao,*.elements.6.order,*.properties.user_name,*.elements.0.attributes.attr__alt,*.elements.0.attributes.attr__data-v-752b5232,"*.elements.0.attributes./images/首页/创建过，开始刷牙.png""nth-child",*.elements.1.attributes.attr__data-v-752b5232,*.elements.2.attributes.attr__data-v-752b5232,*.elements.3.attr_class.1,*.properties.$el_text,*.elements.0.attributes.attr__data-v-52b55215,"*.elements.0.attributes./""href",*.elements.1.attributes.attr__data-v-52b55215,"*.elements.1.attributes.""nth-child",*.elements.2.attributes.attr__data-v-ccff5985,"*.elements.2.attributes.1""nth-of-type",*.elements.3.attr_class,*.elements.3.attributes.attr__data-v-app,"*.elements.3.attributes.app""attr_id",*.elements.4.attr_class,*.elements.4.attributes.attr__style,*.elements.4.attributes.attr__youdao,*.elements.0.attr_class,*.elements.0.attributes.attr__d,"*.elements.0.attributes./stories""href",*.elements.1.attr_class,"*.elements.1.attributes.none""attr__height",*.elements.1.attributes.attr__stroke,*.elements.1.attributes.attr__stroke-width,*.elements.1.attributes.attr__viewBox,*.elements.1.attributes.attr__width,*.elements.2.attributes.attr__data-v-52b55215,"*.elements.2.attributes./stories""href",*.elements.3.attributes.attr__data-v-52b55215,"*.elements.3.attributes.""nth-child","*.elements.0.attributes./images/%E6%92%AD%E6%94%BE%E5%99%A8%E9%A1%B5/x-close.png""nth-child","*.elements.1.attributes.2""nth-of-type",*.elements.3.attributes.attr__data-v-b51e9791,*.elements.5.attr_class.0,*.elements.5.attributes.attr__class,*.elements.5.attributes.attr__data-v-ccff5985,"*.elements.5.attributes.1""nth-of-type",*.elements.6.attributes.attr__data-v-app,"*.elements.6.attributes.app""attr_id",*.elements.7.text,*.elements.7.tag_name,*.elements.7.attr_class,*.elements.7.href,*.elements.7.attr_id,*.elements.7.nth_child,*.elements.7.nth_of_type,*.elements.7.attributes.attr__style,*.elements.7.attributes.attr__youdao,*.elements.7.order,*.properties.$set_once.$initial_li_fat_id,*.properties.$set_once.$initial_gad_source,*.properties.$set_once.$initial_ttclid,*.properties.$set_once.$initial_irclid,*.properties.$set_once.$initial_utm_campaign,*.properties.$set_once.$initial_utm_content,*.properties.$set_once.$initial_wbraid,*.properties.$set_once.$initial_igshid,*.properties.$set_once.$initial_rdt_cid,*.properties.$set_once.$initial__kx,*.properties.$set_once.$initial_twclid,*.properties.$set_once.$initial_dclid,*.properties.$set_once.$initial_mc_cid,*.properties.$set_once.$initial_gclsrc,*.properties.$set_once.$initial_host,*.properties.$set_once.$initial_utm_term,*.properties.$set_once.$initial_gbraid,*.properties.$set_once.$initial_msclkid,*.properties.$set_once.$initial_sccid,*.properties.$set_once.$initial_epik,*.properties.$set_once.$initial_qclid,*.properties.$set_once.$initial_fbclid,*.properties.$set_once.$initial_utm_source,*.properties.$set_once.$initial_utm_medium,*.properties.$set_once.$initial_gclid,"*.elements.0.attributes./images/%E6%92%AD%E6%94%BE%E5%99%A8%E9%A1%B5/Tap%20it.png""nth-child","*.elements.2.attributes.3""nth-of-type",*.elements.4.attributes.attr__data-v-b51e9791,"*.elements.4.attributes.""nth-child",*.elements.6.attr_class.0,*.elements.6.attributes.attr__class,*.elements.6.attributes.attr__data-v-ccff5985,"*.elements.6.attributes.1""nth-of-type",*.elements.7.attributes.attr__data-v-app,"*.elements.7.attributes.app""attr_id",*.elements.8.text,*.elements.8.tag_name,*.elements.8.attr_class,*.elements.8.href,*.elements.8.attr_id,*.elements.8.nth_child,*.elements.8.nth_of_type,*.elements.8.attributes.attr__style,*.elements.8.attributes.attr__youdao,*.elements.8.order,*.properties.cover_generate_duration_ms,*.elements.0.attributes.attr__data-v-0f5548d4,"*.elements.0.attributes./images/%E5%88%9B%E5%BB%BA%E9%A1%B5/L.png""nth-child",*.elements.1.attributes.attr__data-v-0f5548d4,*.elements.2.attributes.attr__data-v-0f5548d4,*.elements.3.attributes.attr__data-v-0f5548d4,*.elements.4.attr_class.1,"*.elements.4.attributes.2""nth-of-type",*.elements.1.attributes.attr__aria-label,*.elements.1.attributes.attr__aria-pressed,"*.elements.1.attributes.button""attr__tabindex",*.elements.4.attributes.attr__data-v-0f5548d4,*.elements.5.attributes.attr__data-v-0f5548d4,*.elements.6.attributes.attr__data-v-0f5548d4,"*.elements.6.attributes.""nth-child",*.elements.7.attr_class.0,*.elements.7.attr_class.1,*.elements.7.attributes.attr__class,*.elements.7.attributes.attr__data-v-ccff5985,"*.elements.7.attributes.2""nth-of-type",*.elements.8.attr_class.0,*.elements.8.attributes.attr__class,*.elements.8.attributes.attr__data-v-ccff5985,"*.elements.8.attributes.1""nth-of-type",*.elements.9.text,*.elements.9.tag_name,*.elements.9.attr_class,*.elements.9.href,*.elements.9.attr_id,*.elements.9.nth_child,*.elements.9.nth_of_type,*.elements.9.attributes.attr__data-v-app,"*.elements.9.attributes.app""attr_id",*.elements.9.order,*.elements.10.text,*.elements.10.tag_name,*.elements.10.attr_class,*.elements.10.href,*.elements.10.attr_id,*.elements.10.nth_child,*.elements.10.nth_of_type,*.elements.10.attributes.attr__style,*.elements.10.attributes.attr__youdao,*.elements.10.order,*.properties.theme_name,*.properties.theme_id,"*.elements.0.attributes./images/%E5%88%9B%E5%BB%BA%E9%A1%B5/next23.png""nth-child",*.elements.5.attr_class.1,"*.elements.5.attributes.2""nth-of-type","*.elements.0.attributes.4""nth-of-type",*.elements.1.attr_class.1,"*.elements.1.attributes.3""nth-of-type","*.elements.2.attributes.4""nth-of-type",*.elements.0.attributes.attr__aria-label,*.elements.0.attributes.attr__aria-pressed,"*.elements.0.attributes.button""attr__tabindex","*.elements.5.attributes.""nth-child",*.elements.6.attr_class.1,"*.elements.6.attributes.2""nth-of-type","*.elements.7.attributes.1""nth-of-type",*.elements.8.attributes.attr__data-v-app,"*.elements.8.attributes.app""attr_id",*.elements.9.attributes.attr__style,*.elements.9.attributes.attr__youdao,"*.elements.1.attributes.4""nth-of-type",*.properties.child_age,*.properties.child_gender,"*.elements.2.attributes.2""nth-of-type","*.elements.3.attributes.2""nth-of-type","*.elements.0.attributes.1""nth-of-type",*.elements.0.attributes.attr__data-v-3f74a172,"*.elements.0.attributes./images/%E7%BB%98%E6%9C%AC%E5%B9%BF%E5%9C%BA/Group%201321316051.png""nth-child",*.elements.1.attributes.attr__data-v-3f74a172,*.elements.2.attributes.attr__data-v-3f74a172,*.elements.3.attributes.attr__data-v-3f74a172,*.elements.0.attributes.attr__data-v-be159bb9,"*.elements.0.attributes.3""nth-of-type",*.elements.1.attributes.attr__data-v-be159bb9,*.elements.2.attributes.attr__data-v-be159bb9,*.elements.4.attributes.attr__data-v-app,"*.elements.4.attributes.app""attr_id",*.elements.5.attributes.attr__style,*.elements.5.attributes.attr__youdao,*.elements.0.attributes.attr__data-v-69f7c28a,*.elements.1.attributes.attr__data-v-69f7c28a,*.elements.2.attributes.attr__data-v-69f7c28a,*.elements.3.attributes.attr__data-v-69f7c28a,*.elements.4.attributes.attr__data-v-69f7c28a,*.properties.$anon_distinct_id,*.properties.$set.email,*.properties.$set.username,*.properties.$process_person_profile,*.properties.$session_entry_url,*.properties.$session_entry_pathname,*.properties.$session_entry_referring_domain,*.properties.$session_entry_referrer,*.properties.$session_entry_host,event,person_display_name -- Person.display_name,person_display_name -- Person.id,person_display_name -- Person.distinct_id,"coalesce(properties.$current_url, properties.$screen_name) -- Url / Screen",properties.$lib,timestamp
019d3ce1-71f0-70f7-bb1a-ea1d1382a53d,home_page_viewed,-480,164,18.5,604.1,896,False,iPhone,False,,phc_JvOxmPdgICJ99RrNk2sSOsqNhVt0HJkw9yAZcvYxl0Y,unset,$direct,019d3cc0-4589-784e-9862-b74704373751,Asia/Shanghai,019d3ce1-7146-70da-afc8-1546cba19aaf,97.76,dbab65d5-addc-4833-b797-84f5d609a360,zh,localhost:5173,414,zh-CN,1.334.1,019d3cc0-4589-784e-9862-b748d9c86108,False,0,True,http://localhost:5173/,019d34c1-1aa6-722e-8668-f477eef75b2a,1800000,2026-03-30T03:47:07.558Z,iOS,896,web,$direct,mobile,414,4sfa634zilvewnpu,disabled,164,Safari,synchronous,1,/,"Mozilla/5.0 (iPhone; CPU iPhone OS 18_5 like Mac OS X) AppleWebKit/605.1.15 (KHTML, like Gecko) Version/18.5 Mobile/15E148 Safari/604.1",1774842427827,False,False,1774842900.977,2604:a880:4:1d0:0:2:64bd:0,2026-03-30T03:55:02.342Z,Santa Clara,,,,California,CA,United States,US,North America,NA,95054,37.3931,-121.962,20,America/Los_Angeles,Safari,604.1,mobile,http://localhost:5173/,/,iOS,18.5,$direct,$direct,896,414,896,414,"Mozilla/5.0 (iPhone; CPU iPhone OS 18_5 like Mac OS X) AppleWebKit/605.1.15 (KHTML, like Gecko) Version/18.5 Mobile/15E148 Safari/604.1",Santa Clara,,,,California,CA,United States,US,North America,NA,95054,37.3931,-121.962,20,America/Los_Angeles,Safari,604.1,mobile,http://localhost:5173/,/,iOS,18.5,$direct,$direct,896,414,896,414,"Mozilla/5.0 (iPhone; CPU iPhone OS 18_5 like Mac OS X) AppleWebKit/605.1.15 (KHTML, like Gecko) Version/18.5 Mobile/15E148 Safari/604.1",Santa Clara,United States,US,North America,NA,95054,37.3931,-121.962,20,America/Los_Angeles,CA,California,GeoIP (019be95e-8fc1-0000-693d-22902402a2b8),False,2026-03-30 03:55:01.134000+00:00,296666,164,,2026-03-30 03:55:04.596000+00:00,full,,,,,,,,,,,,,,,,,,,,,,,,,,,,,,,,,,,,,,,,,,,,,,,,,,,,,,,,,,,,,,,,,,,,,,,,,,,,,,,,,,,,,,,,,,,,,,,,,,,,,,,,,,,,,,,,,,,,,,,,,,,,,,,,,,,,,,,,,,,,,,,,,,,,,,,,,,,,,,,,,,,,,,,,,,,,,,,,,,,,,,,,,,,,,,,,,,,,,,,,,,,,,,,,,,,,,,,,,,,,,,,,,,,,,,,,,,,,,,,,,,,,,,,,,,,,,,,,,,,,,,,,,,,,,,,,,,,,,,,,,,,,,,,,,,,home_page_viewed,6@qq.com,34e80489-22e5-531b-b877-1e581c04d878,164,http://localhost:5173/,web,2026-03-30 03:55:01.134000+00:00
019d3ce1-7151-7164-b585-66096d32a62d,brushing_completed,-480,164,18.5,604.1,896,False,iPhone,False,,phc_JvOxmPdgICJ99RrNk2sSOsqNhVt0HJkw9yAZcvYxl0Y,unset,$direct,019d3cc0-4589-784e-9862-b74704373751,Asia/Shanghai,019d3ce1-7146-70da-afc8-1546cba19aaf,97.17,dbab65d5-addc-4833-b797-84f5d609a360,zh,localhost:5173,414,zh-CN,1.334.1,019d3cc0-4589-784e-9862-b748d9c86108,False,0,True,http://localhost:5173/,019d34c1-1aa6-722e-8668-f477eef75b2a,1800000,2026-03-30T03:47:07.558Z,iOS,896,web,$direct,mobile,414,icavbxrc690x86oa,disabled,164,Safari,synchronous,1,/,"Mozilla/5.0 (iPhone; CPU iPhone OS 18_5 like Mac OS X) AppleWebKit/605.1.15 (KHTML, like Gecko) Version/18.5 Mobile/15E148 Safari/604.1",1774842427827,False,False,1774842900.818,2604:a880:4:1d0:0:2:64bd:0,2026-03-30T03:55:02.342Z,Santa Clara,,,,California,CA,United States,US,North America,NA,95054,37.3931,-121.962,20,America/Los_Angeles,Safari,604.1,mobile,http://localhost:5173/,/,iOS,18.5,$direct,$direct,896,414,896,414,"Mozilla/5.0 (iPhone; CPU iPhone OS 18_5 like Mac OS X) AppleWebKit/605.1.15 (KHTML, like Gecko) Version/18.5 Mobile/15E148 Safari/604.1",Santa Clara,,,,California,CA,United States,US,North America,NA,95054,37.3931,-121.962,20,America/Los_Angeles,Safari,604.1,mobile,http://localhost:5173/,/,iOS,18.5,$direct,$direct,896,414,896,414,"Mozilla/5.0 (iPhone; CPU iPhone OS 18_5 like Mac OS X) AppleWebKit/605.1.15 (KHTML, like Gecko) Version/18.5 Mobile/15E148 Safari/604.1",Santa Clara,United States,US,North America,NA,95054,37.3931,-121.962,20,America/Los_Angeles,CA,California,GeoIP (019be95e-8fc1-0000-693d-22902402a2b8),False,2026-03-30 03:55:00.975000+00:00,296666,164,,2026-03-30 03:55:04.593000+00:00,full,2026-03-30T03:55:00.814Z,0,home,2026-03-30T03:54:59.456Z,0,927f4d82-57cf-4e40-b878-f13101558a80,1,,,,,,,,,,,,,,,,,,,,,,,,,,,,,,,,,,,,,,,,,,,,,,,,,,,,,,,,,,,,,,,,,,,,,,,,,,,,,,,,,,,,,,,,,,,,,,,,,,,,,,,,,,,,,,,,,,,,,,,,,,,,,,,,,,,,,,,,,,,,,,,,,,,,,,,,,,,,,,,,,,,,,,,,,,,,,,,,,,,,,,,,,,,,,,,,,,,,,,,,,,,,,,,,,,,,,,,,,,,,,,,,,,,,,,,,,,,,,,,,,,,,,,,,,,,,,,,,,,,,,,,,,,,,,,,,,,,,,,,,,,,,brushing_completed,6@qq.com,34e80489-22e5-531b-b877-1e581c04d878,164,http://localhost:5173/,web,2026-03-30 03:55:00.975000+00:00
019d3ce1-7146-70da-afc8-1546cba19aaf,$pageview,-480,164,18.5.0,18.5,896,False,iPhone,False,,phc_JvOxmPdgICJ99RrNk2sSOsqNhVt0HJkw9yAZcvYxl0Y,unset,$direct,019d3cc0-4589-784e-9862-b74704373751,Asia/Shanghai,019d3ce1-7146-70da-afc8-1546cba19aaf,98.06,dbab65d5-addc-4833-b797-84f5d609a360,zh,localhost:5173,414,zh-CN,1.334.1,019d3cc0-4589-784e-9862-b748d9c86108,False,0,True,http://localhost:5173/,019d34c1-1aa6-722e-8668-f477eef75b2a,1800000,2026-03-30T03:47:07.558Z,iOS,896,web,$direct,Mobile,414,30zu9zl1ugx28ule,disabled,164,Mobile Safari,synchronous,1,/,"Mozilla/5.0 (iPhone; CPU iPhone OS 18_5 like Mac OS X) AppleWebKit/605.1.15 (KHTML, like Gecko) Version/18.5 Mobile/15E148 Safari/604.1",1774842427827,False,False,1774842900.807,2604:a880:4:1d0:0:2:64bd:0,2026-03-30T03:55:02.342Z,Santa Clara,,,,California,CA,United States,US,North America,NA,95054,37.3931,-121.962,20,America/Los_Angeles,Mobile Safari,18.5,Mobile,http://localhost:5173/,/,iOS,18.5.0,$direct,$direct,896,414,896,414,"Mozilla/5.0 (iPhone; CPU iPhone OS 18_5 like Mac OS X) AppleWebKit/605.1.15 (KHTML, like Gecko) Version/18.5 Mobile/15E148 Safari/604.1",Santa Clara,,,,California,CA,United States,US,North America,NA,95054,37.3931,-121.962,20,America/Los_Angeles,Mobile Safari,18.5,Mobile,http://localhost:5173/,/,iOS,18.5.0,$direct,$direct,896,414,896,414,"Mozilla/5.0 (iPhone; CPU iPhone OS 18_5 like Mac OS X) AppleWebKit/605.1.15 (KHTML, like Gecko) Version/18.5 Mobile/15E148 Safari/604.1",Santa Clara,United States,US,North America,NA,95054,37.3931,-121.962,20,America/Los_Angeles,CA,California,GeoIP (019be95e-8fc1-0000-693d-22902402a2b8),False,2026-03-30 03:55:00.964000+00:00,296666,164,,2026-03-30 03:55:04.583000+00:00,full,,,,,,,,1,896,1,0,896,/brushing,1,1,0,1.463,019d3ce1-6b8f-7357-9cf2-cbe44a0fcbca,BrushBuddy - Kids Brushing App,,,,,,,,,,,,,,,,,,,,,,,,,,,,,,,,,,,,,,,,,,,,,,,,,,,,,,,,,,,,,,,,,,,,,,,,,,,,,,,,,,,,,,,,,,,,,,,,,,,,,,,,,,,,,,,,,,,,,,,,,,,,,,,,,,,,,,,,,,,,,,,,,,,,,,,,,,,,,,,,,,,,,,,,,,,,,,,,,,,,,,,,,,,,,,,,,,,,,,,,,,,,,,,,,,,,,,,,,,,,,,,,,,,,,,,,,,,,,,,,,,,,,,,,,,,,,,,,,,,,,,,,,,,,,,,,$pageview,6@qq.com,34e80489-22e5-531b-b877-1e581c04d878,164,http://localhost:5173/,web,2026-03-30 03:55:00.964000+00:00
019d3ce1-7140-7763-8632-9d573894f483,$autocapture,-480,164,18.5.0,18.5,896,False,iPhone,False,,phc_JvOxmPdgICJ99RrNk2sSOsqNhVt0HJkw9yAZcvYxl0Y,unset,$direct,019d3cc0-4589-784e-9862-b74704373751,Asia/Shanghai,019d3ce1-6b8f-7357-9cf2-cbe44a0fcbca,99,dbab65d5-addc-4833-b797-84f5d609a360,zh,localhost:5173,414,zh-CN,1.334.1,019d3cc0-4589-784e-9862-b748d9c86108,False,0,True,http://localhost:5173/brushing?source=home&taskId=927f4d82-57cf-4e40-b878-f13101558a80&userName=olia&isOtherStory=false,019d34c1-1aa6-722e-8668-f477eef75b2a,1800000,2026-03-30T03:47:07.558Z,iOS,896,web,$direct,Mobile,414,6tp7s9m0zbbk0usz,disabled,164,Mobile Safari,synchronous,1,/brushing,"Mozilla/5.0 (iPhone; CPU iPhone OS 18_5 like Mac OS X) AppleWebKit/605.1.15 (KHTML, like Gecko) Version/18.5 Mobile/15E148 Safari/604.1",1774842427827,False,False,1774842900.8,2604:a880:4:1d0:0:2:64bd:0,2026-03-30T03:55:02.342Z,Santa Clara,,,,California,CA,United States,US,North America,NA,95054,37.3931,-121.962,20,America/Los_Angeles,Mobile Safari,18.5,Mobile,http://localhost:5173/brushing?source=home&taskId=927f4d82-57cf-4e40-b878-f13101558a80&userName=olia&isOtherStory=false,/brushing,iOS,18.5.0,$direct,$direct,896,414,896,414,"Mozilla/5.0 (iPhone; CPU iPhone OS 18_5 like Mac OS X) AppleWebKit/605.1.15 (KHTML, like Gecko) Version/18.5 Mobile/15E148 Safari/604.1",Santa Clara,,,,California,CA,United States,US,North America,NA,95054,37.3931,-121.962,20,America/Los_Angeles,Mobile Safari,18.5,Mobile,http://localhost:5173/brushing?source=home&taskId=927f4d82-57cf-4e40-b878-f13101558a80&userName=olia&isOtherStory=false,/brushing,iOS,18.5.0,$direct,$direct,896,414,896,414,"Mozilla/5.0 (iPhone; CPU iPhone OS 18_5 like Mac OS X) AppleWebKit/605.1.15 (KHTML, like Gecko) Version/18.5 Mobile/15E148 Safari/604.1",Santa Clara,United States,US,North America,NA,95054,37.3931,-121.962,20,America/Los_Angeles,CA,California,GeoIP (019be95e-8fc1-0000-693d-22902402a2b8),False,2026-03-30 03:55:00.958000+00:00,296666,164,"button.close-button:attr__class=""close-button""attr__data-v-b51e9791=""""nth-child=""2""nth-of-type=""1"";div.mobile-wrapper:attr__class=""mobile-wrapper""attr__data-v-b51e9791=""""nth-child=""1""nth-of-type=""1"";div.brushing-container:attr__class=""brushing-container""attr__data-v-b51e9791=""""attr__data-v-ccff5985=""""nth-child=""1""nth-of-type=""1"";div.content-area:attr__class=""content-area""attr__data-v-ccff5985=""""nth-child=""1""nth-of-type=""1"";div.main-layout:attr__class=""main-layout""attr__data-v-ccff5985=""""nth-child=""1""nth-of-type=""1"";div:attr__data-v-app=""""attr__id=""app""attr_id=""app""nth-child=""1""nth-of-type=""1"";body:attr__style=""font-size: 24px;""attr__youdao=""bind""nth-child=""3""nth-of-type=""1""",2026-03-30 03:55:04.571000+00:00,full,,,,,,,,,,,,,,,,,,,,click,1,,button,close-button,,,,,close-button,"""nth-child=",1,0,,div,mobile-wrapper,,,,,mobile-wrapper,"""nth-child=",1,1,,div,brushing-container,,,,1,brushing-container,"""attr__data-v-ccff5985=",1,2,,div,content-area,,,,,content-area,"""nth-child=",1,3,,div,main-layout,,,,,main-layout,"""nth-child=",1,4,,div,,,,1,1,"""attr__id=",app,5,,body,,,,3,1,font-size: 24px;,bind,6,,,,,,,,,,,,,,,,,,,,,,,,,,,,,,,,,,,,,,,,,,,,,,,,,,,,,,,,,,,,,,,,,,,,,,,,,,,,,,,,,,,,,,,,,,,,,,,,,,,,,,,,,,,,,,,,,,,,,,,,,,,,,,,,,,,,,,,,,,,,,,,,,,,,,,,,,,,,,,,,,,,,,,,,,,,,,,,,,,,,,,,,,,,,,,,,,,,$autocapture,6@qq.com,34e80489-22e5-531b-b877-1e581c04d878,164,http://localhost:5173/brushing?source=home&taskId=927f4d82-57cf-4e40-b878-f13101558a80&userName=olia&isOtherStory=false,web,2026-03-30 03:55:00.958000+00:00
019d3ce1-6cf8-788a-9b61-9ccf037ef1ce,brushing_started,-480,164,18.5,604.1,896,False,iPhone,False,,phc_JvOxmPdgICJ99RrNk2sSOsqNhVt0HJkw9yAZcvYxl0Y,unset,$direct,019d3cc0-4589-784e-9862-b74704373751,Asia/Shanghai,019d3ce1-6b8f-7357-9cf2-cbe44a0fcbca,99,dbab65d5-addc-4833-b797-84f5d609a360,zh,localhost:5173,414,zh-CN,1.334.1,019d3cc0-4589-784e-9862-b748d9c86108,False,0,True,http://localhost:5173/brushing?source=home&taskId=927f4d82-57cf-4e40-b878-f13101558a80&userName=olia&isOtherStory=false,019d34c1-1aa6-722e-8668-f477eef75b2a,1800000,2026-03-30T03:47:07.558Z,iOS,896,web,$direct,mobile,414,py6r9xy5py7d482y,disabled,164,Safari,synchronous,1,/brushing,"Mozilla/5.0 (iPhone; CPU iPhone OS 18_5 like Mac OS X) AppleWebKit/605.1.15 (KHTML, like Gecko) Version/18.5 Mobile/15E148 Safari/604.1",1774842427827,False,False,1774842899.705,2604:a880:4:1d0:0:2:64bd:0,2026-03-30T03:55:02.342Z,Santa Clara,,,,California,CA,United States,US,North America,NA,95054,37.3931,-121.962,20,America/Los_Angeles,Safari,604.1,mobile,http://localhost:5173/brushing?source=home&taskId=927f4d82-57cf-4e40-b878-f13101558a80&userName=olia&isOtherStory=false,/brushing,iOS,18.5,$direct,$direct,896,414,896,414,"Mozilla/5.0 (iPhone; CPU iPhone OS 18_5 like Mac OS X) AppleWebKit/605.1.15 (KHTML, like Gecko) Version/18.5 Mobile/15E148 Safari/604.1",Santa Clara,,,,California,CA,United States,US,North America,NA,95054,37.3931,-121.962,20,America/Los_Angeles,Safari,604.1,mobile,http://localhost:5173/brushing?source=home&taskId=927f4d82-57cf-4e40-b878-f13101558a80&userName=olia&isOtherStory=false,/brushing,iOS,18.5,$direct,$direct,896,414,896,414,"Mozilla/5.0 (iPhone; CPU iPhone OS 18_5 like Mac OS X) AppleWebKit/605.1.15 (KHTML, like Gecko) Version/18.5 Mobile/15E148 Safari/604.1",Santa Clara,United States,US,North America,NA,95054,37.3931,-121.962,20,America/Los_Angeles,CA,California,GeoIP (019be95e-8fc1-0000-693d-22902402a2b8),False,2026-03-30 03:54:59.862000+00:00,296666,164,,2026-03-30 03:55:04.060000+00:00,full,,,home,2026-03-30T03:54:59.456Z,,927f4d82-57cf-4e40-b878-f13101558a80,,,,,,,,,,,,,,,,,,,,,,,,,,,,,,,,,,,,,,,,,,,,,,,,,,,,,,,,,,,,,,,,,,,,,,,,,,,,,,,,,,,,,,,,,,,olia,,,,,,,,,,,,,,,,,,,,,,,,,,,,,,,,,,,,,,,,,,,,,,,,,,,,,,,,,,,,,,,,,,,,,,,,,,,,,,,,,,,,,,,,,,,,,,,,,,,,,,,,,,,,,,,,,,,,,,,,,,,,,,,,,,,,,,,,,,,,,,,,,,,,,,,,,,,,,,,,,,,,,,,,,,,,,,,,,,,,,,,,,,,,,,,,,,brushing_started,6@qq.com,34e80489-22e5-531b-b877-1e581c04d878,164,http://localhost:5173/brushing?source=home&taskId=927f4d82-57cf-4e40-b878-f13101558a80&userName=olia&isOtherStory=false,web,2026-03-30 03:54:59.862000+00:00
019d3ce1-6b8f-7357-9cf2-cbe44a0fcbca,$pageview,-480,164,18.5.0,18.5,896,False,iPhone,False,,phc_JvOxmPdgICJ99RrNk2sSOsqNhVt0HJkw9yAZcvYxl0Y,unset,$direct,019d3cc0-4589-784e-9862-b74704373751,Asia/Shanghai,019d3ce1-6b8f-7357-9cf2-cbe44a0fcbca,98.04,dbab65d5-addc-4833-b797-84f5d609a360,zh,localhost:5173,414,zh-CN,1.334.1,019d3cc0-4589-784e-9862-b748d9c86108,False,0,True,http://localhost:5173/brushing?source=home&taskId=927f4d82-57cf-4e40-b878-f13101558a80&userName=olia&isOtherStory=false,019d34c1-1aa6-722e-8668-f477eef75b2a,1800000,2026-03-30T03:47:07.558Z,iOS,896,web,$direct,Mobile,414,mlholk65jywhr1qp,disabled,164,Mobile Safari,synchronous,1,/brushing,"Mozilla/5.0 (iPhone; CPU iPhone OS 18_5 like Mac OS X) AppleWebKit/605.1.15 (KHTML, like Gecko) Version/18.5 Mobile/15E148 Safari/604.1",1774842427827,False,False,1774842899.344,2604:a880:4:1d0:0:2:64bd:0,2026-03-30T03:55:02.342Z,Santa Clara,,,,California,CA,United States,US,North America,NA,95054,37.3931,-121.962,20,America/Los_Angeles,Mobile Safari,18.5,Mobile,http://localhost:5173/brushing?source=home&taskId=927f4d82-57cf-4e40-b878-f13101558a80&userName=olia&isOtherStory=false,/brushing,iOS,18.5.0,$direct,$direct,896,414,896,414,"Mozilla/5.0 (iPhone; CPU iPhone OS 18_5 like Mac OS X) AppleWebKit/605.1.15 (KHTML, like Gecko) Version/18.5 Mobile/15E148 Safari/604.1",Santa Clara,,,,California,CA,United States,US,North America,NA,95054,37.3931,-121.962,20,America/Los_Angeles,Mobile Safari,18.5,Mobile,http://localhost:5173/brushing?source=home&taskId=927f4d82-57cf-4e40-b878-f13101558a80&userName=olia&isOtherStory=false,/brushing,iOS,18.5.0,$direct,$direct,896,414,896,414,"Mozilla/5.0 (iPhone; CPU iPhone OS 18_5 like Mac OS X) AppleWebKit/605.1.15 (KHTML, like Gecko) Version/18.5 Mobile/15E148 Safari/604.1",Santa Clara,United States,US,North America,NA,95054,37.3931,-121.962,20,America/Los_Angeles,CA,California,GeoIP (019be95e-8fc1-0000-693d-22902402a2b8),False,2026-03-30 03:54:59.501000+00:00,296666,164,,2026-03-30 03:55:04.031000+00:00,full,,,,,,,,1,896,1,0,896,/,1,1,0,10.549,019d3ce1-425a-7054-a3ca-332c2f4859f1,BrushBuddy - Kids Brushing App,,,,,,,,,,,,,,,,,,,,,,,,,,,,,,,,,,,,,,,,,,,,,,,,,,,,,,,,,,,,,,,,,,,,,,,,,,,,,,,,,,,,,,,,,,,,,,,,,,,,,,,,,,,,,,,,,,,,,,,,,,,,,,,,,,,,,,,,,,,,,,,,,,,,,,,,,,,,,,,,,,,,,,,,,,,,,,,,,,,,,,,,,,,,,,,,,,,,,,,,,,,,,,,,,,,,,,,,,,,,,,,,,,,,,,,,,,,,,,,,,,,,,,,,,,,,,,,,,,,,,,,,,,,,,,,,$pageview,6@qq.com,34e80489-22e5-531b-b877-1e581c04d878,164,http://localhost:5173/brushing?source=home&taskId=927f4d82-57cf-4e40-b878-f13101558a80&userName=olia&isOtherStory=false,web,2026-03-30 03:54:59.501000+00:00
019d3ce1-6b8c-738f-9e97-f344b0cc6d0e,$autocapture,-480,164,18.5.0,18.5,896,False,iPhone,False,,phc_JvOxmPdgICJ99RrNk2sSOsqNhVt0HJkw9yAZcvYxl0Y,unset,$direct,019d3cc0-4589-784e-9862-b74704373751,Asia/Shanghai,019d3ce1-425a-7054-a3ca-332c2f4859f1,99,dbab65d5-addc-4833-b797-84f5d609a360,zh,localhost:5173,414,zh-CN,1.334.1,019d3cc0-4589-784e-9862-b748d9c86108,False,0,True,http://localhost:5173/,019d34c1-1aa6-722e-8668-f477eef75b2a,1800000,2026-03-30T03:47:07.558Z,iOS,896,web,$direct,Mobile,414,dos7e1fkj7e8a291,disabled,164,Mobile Safari,synchronous,1,/,"Mozilla/5.0 (iPhone; CPU iPhone OS 18_5 like Mac OS X) AppleWebKit/605.1.15 (KHTML, like Gecko) Version/18.5 Mobile/15E148 Safari/604.1",1774842427827,False,False,1774842899.34,2604:a880:4:1d0:0:2:64bd:0,2026-03-30T03:55:02.342Z,Santa Clara,,,,California,CA,United States,US,North America,NA,95054,37.3931,-121.962,20,America/Los_Angeles,Mobile Safari,18.5,Mobile,http://localhost:5173/,/,iOS,18.5.0,$direct,$direct,896,414,896,414,"Mozilla/5.0 (iPhone; CPU iPhone OS 18_5 like Mac OS X) AppleWebKit/605.1.15 (KHTML, like Gecko) Version/18.5 Mobile/15E148 Safari/604.1",Santa Clara,,,,California,CA,United States,US,North America,NA,95054,37.3931,-121.962,20,America/Los_Angeles,Mobile Safari,18.5,Mobile,http://localhost:5173/,/,iOS,18.5.0,$direct,$direct,896,414,896,414,"Mozilla/5.0 (iPhone; CPU iPhone OS 18_5 like Mac OS X) AppleWebKit/605.1.15 (KHTML, like Gecko) Version/18.5 Mobile/15E148 Safari/604.1",Santa Clara,United States,US,North America,NA,95054,37.3931,-121.962,20,America/Los_Angeles,CA,California,GeoIP (019be95e-8fc1-0000-693d-22902402a2b8),False,2026-03-30 03:54:59.498000+00:00,296666,164,"img.create-button:attr__alt=""Create""attr__class=""create-button""attr__data-v-752b5232=""""attr__src=""/images/首页/创建过，开始刷牙.png""nth-child=""6""nth-of-type=""4"";div.mobile-wrapper:attr__class=""mobile-wrapper""attr__data-v-752b5232=""""nth-child=""1""nth-of-type=""1"";div.home-container:attr__class=""home-container""attr__data-v-752b5232=""""attr__data-v-ccff5985=""""nth-child=""1""nth-of-type=""1"";div.content-area.has-bottom-nav:attr__class=""content-area has-bottom-nav""attr__data-v-ccff5985=""""nth-child=""1""nth-of-type=""1"";div.main-layout:attr__class=""main-layout""attr__data-v-ccff5985=""""nth-child=""1""nth-of-type=""1"";div:attr__data-v-app=""""attr__id=""app""attr_id=""app""nth-child=""1""nth-of-type=""1"";body:attr__style=""font-size: 24px;""attr__youdao=""bind""nth-child=""3""nth-of-type=""1""",2026-03-30 03:55:03.947000+00:00,full,,,,,,,,,,,,,,,,,,,,click,1,,img,create-button,,,,4,create-button,,,0,,div,mobile-wrapper,,,,,mobile-wrapper,,1,1,,div,home-container,,,,1,home-container,,1,2,,div,content-area,,,,,content-area has-bottom-nav,"""nth-child=",1,3,,div,main-layout,,,,,main-layout,"""nth-child=",1,4,,div,,,,1,1,"""attr__id=",app,5,,body,,,,3,1,font-size: 24px;,bind,6,,Create,"""attr__src=",6,"""nth-child=","""attr__data-v-ccff5985=",has-bottom-nav,,,,,,,,,,,,,,,,,,,,,,,,,,,,,,,,,,,,,,,,,,,,,,,,,,,,,,,,,,,,,,,,,,,,,,,,,,,,,,,,,,,,,,,,,,,,,,,,,,,,,,,,,,,,,,,,,,,,,,,,,,,,,,,,,,,,,,,,,,,,,,,,,,,,,,,,,,,,,,,,,,,,,,,,,,,,,,,,,,,,,,,,,,,,$autocapture,6@qq.com,34e80489-22e5-531b-b877-1e581c04d878,164,http://localhost:5173/,web,2026-03-30 03:54:59.498000+00:00
019d3ce1-42e9-7802-be5c-b5a905dd7af6,home_page_viewed,-480,164,18.5,604.1,896,False,iPhone,False,,phc_JvOxmPdgICJ99RrNk2sSOsqNhVt0HJkw9yAZcvYxl0Y,unset,$direct,019d3cc0-4589-784e-9862-b74704373751,Asia/Shanghai,019d3ce1-425a-7054-a3ca-332c2f4859f1,98.45,dbab65d5-addc-4833-b797-84f5d609a360,zh,localhost:5173,414,zh-CN,1.334.1,019d3cc0-4589-784e-9862-b748d9c86108,False,0,True,http://localhost:5173/,019d34c1-1aa6-722e-8668-f477eef75b2a,1800000,2026-03-30T03:47:07.558Z,iOS,896,web,$direct,mobile,414,loo0vas441yxrrz4,disabled,164,Safari,synchronous,1,/,"Mozilla/5.0 (iPhone; CPU iPhone OS 18_5 like Mac OS X) AppleWebKit/605.1.15 (KHTML, like Gecko) Version/18.5 Mobile/15E148 Safari/604.1",1774842427827,False,False,1774842888.937,2604:a880:4:1d0:0:2:64bd:0,2026-03-30T03:54:50.169Z,Santa Clara,,,,California,CA,United States,US,North America,NA,95054,37.3931,-121.962,20,America/Los_Angeles,Safari,604.1,mobile,http://localhost:5173/,/,iOS,18.5,$direct,$direct,896,414,896,414,"Mozilla/5.0 (iPhone; CPU iPhone OS 18_5 like Mac OS X) AppleWebKit/605.1.15 (KHTML, like Gecko) Version/18.5 Mobile/15E148 Safari/604.1",Santa Clara,,,,California,CA,United States,US,North America,NA,95054,37.3931,-121.962,20,America/Los_Angeles,Safari,604.1,mobile,http://localhost:5173/,/,iOS,18.5,$direct,$direct,896,414,896,414,"Mozilla/5.0 (iPhone; CPU iPhone OS 18_5 like Mac OS X) AppleWebKit/605.1.15 (KHTML, like Gecko) Version/18.5 Mobile/15E148 Safari/604.1",Santa Clara,United States,US,North America,NA,95054,37.3931,-121.962,20,America/Los_Angeles,CA,California,GeoIP (019be95e-8fc1-0000-693d-22902402a2b8),False,2026-03-30 03:54:49.093000+00:00,296666,164,,2026-03-30 03:54:51.622000+00:00,full,,,,,,,,,,,,,,,,,,,,,,,,,,,,,,,,,,,,,,,,,,,,,,,,,,,,,,,,,,,,,,,,,,,,,,,,,,,,,,,,,,,,,,,,,,,,,,,,,,,,,,,,,,,,,,,,,,,,,,,,,,,,,,,,,,,,,,,,,,,,,,,,,,,,,,,,,,,,,,,,,,,,,,,,,,,,,,,,,,,,,,,,,,,,,,,,,,,,,,,,,,,,,,,,,,,,,,,,,,,,,,,,,,,,,,,,,,,,,,,,,,,,,,,,,,,,,,,,,,,,,,,,,,,,,,,,,,,,,,,,,,,,,,,,,,,home_page_viewed,6@qq.com,34e80489-22e5-531b-b877-1e581c04d878,164,http://localhost:5173/,web,2026-03-30 03:54:49.093000+00:00
019d3ce1-425a-7054-a3ca-332c2f4859f1,$pageview,-480,164,18.5.0,18.5,896,False,iPhone,False,,phc_JvOxmPdgICJ99RrNk2sSOsqNhVt0HJkw9yAZcvYxl0Y,unset,$direct,019d3cc0-4589-784e-9862-b74704373751,Asia/Shanghai,019d3ce1-425a-7054-a3ca-332c2f4859f1,98.02,dbab65d5-addc-4833-b797-84f5d609a360,zh,localhost:5173,414,zh-CN,1.334.1,019d3cc0-4589-784e-9862-b748d9c86108,False,0,True,http://localhost:5173/,019d34c1-1aa6-722e-8668-f477eef75b2a,1800000,2026-03-30T03:47:07.558Z,iOS,896,web,$direct,Mobile,414,7es5ineuibgx4le5,disabled,164,Mobile Safari,synchronous,1,/,"Mozilla/5.0 (iPhone; CPU iPhone OS 18_5 like Mac OS X) AppleWebKit/605.1.15 (KHTML, like Gecko) Version/18.5 Mobile/15E148 Safari/604.1",1774842427827,False,False,1774842888.794,2604:a880:4:1d0:0:2:64bd:0,2026-03-30T03:54:50.169Z,Santa Clara,,,,California,CA,United States,US,North America,NA,95054,37.3931,-121.962,20,America/Los_Angeles,Mobile Safari,18.5,Mobile,http://localhost:5173/,/,iOS,18.5.0,$direct,$direct,896,414,896,414,"Mozilla/5.0 (iPhone; CPU iPhone OS 18_5 like Mac OS X) AppleWebKit/605.1.15 (KHTML, like Gecko) Version/18.5 Mobile/15E148 Safari/604.1",Santa Clara,,,,California,CA,United States,US,North America,NA,95054,37.3931,-121.962,20,America/Los_Angeles,Mobile Safari,18.5,Mobile,http://localhost:5173/,/,iOS,18.5.0,$direct,$direct,896,414,896,414,"Mozilla/5.0 (iPhone; CPU iPhone OS 18_5 like Mac OS X) AppleWebKit/605.1.15 (KHTML, like Gecko) Version/18.5 Mobile/15E148 Safari/604.1",Santa Clara,United States,US,North America,NA,95054,37.3931,-121.962,20,America/Los_Angeles,CA,California,GeoIP (019be95e-8fc1-0000-693d-22902402a2b8),False,2026-03-30 03:54:48.950000+00:00,296666,164,,2026-03-30 03:54:51.603000+00:00,full,,,,,,,,1,896,1,0,896,/stories,1,1,0,1.559,019d3ce1-3c43-72f6-9872-dd8cb622be1d,BrushBuddy - Kids Brushing App,,,,,,,,,,,,,,,,,,,,,,,,,,,,,,,,,,,,,,,,,,,,,,,,,,,,,,,,,,,,,,,,,,,,,,,,,,,,,,,,,,,,,,,,,,,,,,,,,,,,,,,,,,,,,,,,,,,,,,,,,,,,,,,,,,,,,,,,,,,,,,,,,,,,,,,,,,,,,,,,,,,,,,,,,,,,,,,,,,,,,,,,,,,,,,,,,,,,,,,,,,,,,,,,,,,,,,,,,,,,,,,,,,,,,,,,,,,,,,,,,,,,,,,,,,,,,,,,,,,,,,,,,,,,,,,,$pageview,6@qq.com,34e80489-22e5-531b-b877-1e581c04d878,164,http://localhost:5173/,web,2026-03-30 03:54:48.950000+00:00
019d3ce1-4258-7f14-bcc0-f35097bf0443,$autocapture,-480,164,18.5.0,18.5,896,False,iPhone,False,,phc_JvOxmPdgICJ99RrNk2sSOsqNhVt0HJkw9yAZcvYxl0Y,unset,$direct,019d3cc0-4589-784e-9862-b74704373751,Asia/Shanghai,019d3ce1-3c43-72f6-9872-dd8cb622be1d,99,dbab65d5-addc-4833-b797-84f5d609a360,zh,localhost:5173,414,zh-CN,1.334.1,019d3cc0-4589-784e-9862-b748d9c86108,False,0,True,http://localhost:5173/stories,019d34c1-1aa6-722e-8668-f477eef75b2a,1800000,2026-03-30T03:47:07.558Z,iOS,896,web,$direct,Mobile,414,ieyahicdi7n6ggt5,disabled,164,Mobile Safari,synchronous,1,/stories,"Mozilla/5.0 (iPhone; CPU iPhone OS 18_5 like Mac OS X) AppleWebKit/605.1.15 (KHTML, like Gecko) Version/18.5 Mobile/15E148 Safari/604.1",1774842427827,False,False,1774842888.792,2604:a880:4:1d0:0:2:64bd:0,2026-03-30T03:54:50.169Z,Santa Clara,,,,California,CA,United States,US,North America,NA,95054,37.3931,-121.962,20,America/Los_Angeles,Mobile Safari,18.5,Mobile,http://localhost:5173/stories,/stories,iOS,18.5.0,$direct,$direct,896,414,896,414,"Mozilla/5.0 (iPhone; CPU iPhone OS 18_5 like Mac OS X) AppleWebKit/605.1.15 (KHTML, like Gecko) Version/18.5 Mobile/15E148 Safari/604.1",Santa Clara,,,,California,CA,United States,US,North America,NA,95054,37.3931,-121.962,20,America/Los_Angeles,Mobile Safari,18.5,Mobile,http://localhost:5173/stories,/stories,iOS,18.5.0,$direct,$direct,896,414,896,414,"Mozilla/5.0 (iPhone; CPU iPhone OS 18_5 like Mac OS X) AppleWebKit/605.1.15 (KHTML, like Gecko) Version/18.5 Mobile/15E148 Safari/604.1",Santa Clara,United States,US,North America,NA,95054,37.3931,-121.962,20,America/Los_Angeles,CA,California,GeoIP (019be95e-8fc1-0000-693d-22902402a2b8),False,2026-03-30 03:54:48.948000+00:00,296666,164,"a.nav-item:attr__class=""nav-item""attr__data-v-52b55215=""""attr__href=""/""href=""/""nth-child=""1""nth-of-type=""1""text=""Home"";nav.bottom-nav:attr__class=""bottom-nav""attr__data-v-52b55215=""""attr__data-v-ccff5985=""""nth-child=""2""nth-of-type=""1"";div.main-layout:attr__class=""main-layout""attr__data-v-ccff5985=""""nth-child=""1""nth-of-type=""1"";div:attr__data-v-app=""""attr__id=""app""attr_id=""app""nth-child=""1""nth-of-type=""1"";body:attr__style=""font-size: 24px;""attr__youdao=""bind""nth-child=""3""nth-of-type=""1""",2026-03-30 03:54:51.581000+00:00,full,,,,,,,,,,,,,,,,,,,,click,1,Home,a,nav-item,,,1,1,nav-item,,,0,,nav,bottom-nav,,,,1,bottom-nav,,,1,,div,main-layout,,,,,main-layout,,,2,,div,,,,1,1,,,,3,,body,,,,3,1,,,,4,,,,,,,,,,,,,,,,,,,,,,,,,,,,Home,"""attr__href=",/,"""attr__data-v-ccff5985=",2,"""nth-child=",1,,"""attr__id=",app,,font-size: 24px;,bind,,,,,,,,,,,,,,,,,,,,,,,,,,,,,,,,,,,,,,,,,,,,,,,,,,,,,,,,,,,,,,,,,,,,,,,,,,,,,,,,,,,,,,,,,,,,,,,,,,,,,,,,,,,,,,,,,,,,,,,,,,,,,,,,,,,,,,,,,,,,,,,,,,,,,,,,,,,,,,,,,,,,,,,,,,,,,,,$autocapture,6@qq.com,34e80489-22e5-531b-b877-1e581c04d878,164,http://localhost:5173/stories,web,2026-03-30 03:54:48.948000+00:00
019d3ce1-3c43-72f6-9872-dd8cb622be1d,$pageview,-480,164,18.5.0,18.5,896,False,iPhone,False,,phc_JvOxmPdgICJ99RrNk2sSOsqNhVt0HJkw9yAZcvYxl0Y,unset,$direct,019d3cc0-4589-784e-9862-b74704373751,Asia/Shanghai,019d3ce1-3c43-72f6-9872-dd8cb622be1d,98.69,dbab65d5-addc-4833-b797-84f5d609a360,zh,localhost:5173,414,zh-CN,1.334.1,019d3cc0-4589-784e-9862-b748d9c86108,False,0,True,http://localhost:5173/stories,019d34c1-1aa6-722e-8668-f477eef75b2a,1800000,2026-03-30T03:47:07.558Z,iOS,896,web,$direct,Mobile,414,ryood4b1k75veqrb,disabled,164,Mobile Safari,synchronous,1,/stories,"Mozilla/5.0 (iPhone; CPU iPhone OS 18_5 like Mac OS X) AppleWebKit/605.1.15 (KHTML, like Gecko) Version/18.5 Mobile/15E148 Safari/604.1",1774842427827,False,False,1774842887.236,2604:a880:4:1d0:0:2:64bd:0,2026-03-30T03:54:50.169Z,Santa Clara,,,,California,CA,United States,US,North America,NA,95054,37.3931,-121.962,20,America/Los_Angeles,Mobile Safari,18.5,Mobile,http://localhost:5173/stories,/stories,iOS,18.5.0,$direct,$direct,896,414,896,414,"Mozilla/5.0 (iPhone; CPU iPhone OS 18_5 like Mac OS X) AppleWebKit/605.1.15 (KHTML, like Gecko) Version/18.5 Mobile/15E148 Safari/604.1",Santa Clara,,,,California,CA,United States,US,North America,NA,95054,37.3931,-121.962,20,America/Los_Angeles,Mobile Safari,18.5,Mobile,http://localhost:5173/stories,/stories,iOS,18.5.0,$direct,$direct,896,414,896,414,"Mozilla/5.0 (iPhone; CPU iPhone OS 18_5 like Mac OS X) AppleWebKit/605.1.15 (KHTML, like Gecko) Version/18.5 Mobile/15E148 Safari/604.1",Santa Clara,United States,US,North America,NA,95054,37.3931,-121.962,20,America/Los_Angeles,CA,California,GeoIP (019be95e-8fc1-0000-693d-22902402a2b8),False,2026-03-30 03:54:47.391000+00:00,296666,164,,2026-03-30 03:54:51.527000+00:00,full,,,,,,,,1,896,1,0,896,/,1,1,0,9.524,019d3ce1-170f-77a4-9063-02d1801f31c8,BrushBuddy - Kids Brushing App,,,,,,,,,,,,,,,,,,,,,,,,,,,,,,,,,,,,,,,,,,,,,,,,,,,,,,,,,,,,,,,,,,,,,,,,,,,,,,,,,,,,,,,,,,,,,,,,,,,,,,,,,,,,,,,,,,,,,,,,,,,,,,,,,,,,,,,,,,,,,,,,,,,,,,,,,,,,,,,,,,,,,,,,,,,,,,,,,,,,,,,,,,,,,,,,,,,,,,,,,,,,,,,,,,,,,,,,,,,,,,,,,,,,,,,,,,,,,,,,,,,,,,,,,,,,,,,,,,,,,,,,,,,,,,,,$pageview,6@qq.com,34e80489-22e5-531b-b877-1e581c04d878,164,http://localhost:5173/stories,web,2026-03-30 03:54:47.391000+00:00
019d3ce1-3bfe-75c2-8b1b-ea0d67c929f4,$autocapture,-480,164,18.5.0,18.5,896,False,iPhone,False,,phc_JvOxmPdgICJ99RrNk2sSOsqNhVt0HJkw9yAZcvYxl0Y,unset,$direct,019d3cc0-4589-784e-9862-b74704373751,Asia/Shanghai,019d3ce1-170f-77a4-9063-02d1801f31c8,99,dbab65d5-addc-4833-b797-84f5d609a360,zh,localhost:5173,414,zh-CN,1.334.1,019d3cc0-4589-784e-9862-b748d9c86108,False,0,True,http://localhost:5173/,019d34c1-1aa6-722e-8668-f477eef75b2a,1800000,2026-03-30T03:47:07.558Z,iOS,896,web,$direct,Mobile,414,7uez8dghorw176xp,disabled,164,Mobile Safari,synchronous,1,/,"Mozilla/5.0 (iPhone; CPU iPhone OS 18_5 like Mac OS X) AppleWebKit/605.1.15 (KHTML, like Gecko) Version/18.5 Mobile/15E148 Safari/604.1",1774842427827,False,False,1774842887.166,2604:a880:4:1d0:0:2:64bd:0,2026-03-30T03:54:50.169Z,Santa Clara,,,,California,CA,United States,US,North America,NA,95054,37.3931,-121.962,20,America/Los_Angeles,Mobile Safari,18.5,Mobile,http://localhost:5173/,/,iOS,18.5.0,$direct,$direct,896,414,896,414,"Mozilla/5.0 (iPhone; CPU iPhone OS 18_5 like Mac OS X) AppleWebKit/605.1.15 (KHTML, like Gecko) Version/18.5 Mobile/15E148 Safari/604.1",Santa Clara,,,,California,CA,United States,US,North America,NA,95054,37.3931,-121.962,20,America/Los_Angeles,Mobile Safari,18.5,Mobile,http://localhost:5173/,/,iOS,18.5.0,$direct,$direct,896,414,896,414,"Mozilla/5.0 (iPhone; CPU iPhone OS 18_5 like Mac OS X) AppleWebKit/605.1.15 (KHTML, like Gecko) Version/18.5 Mobile/15E148 Safari/604.1",Santa Clara,United States,US,North America,NA,95054,37.3931,-121.962,20,America/Los_Angeles,CA,California,GeoIP (019be95e-8fc1-0000-693d-22902402a2b8),False,2026-03-30 03:54:47.322000+00:00,296666,164,"path:attr__d=""M6.5 2H20v20H6.5A2.5 2.5 0 0 1 4 19.5v-15A2.5 2.5 0 0 1 6.5 2z""attr__data-v-52b55215=""""attr__href=""/stories""href=""/stories""nth-child=""2""nth-of-type=""2"";svg:attr__data-v-52b55215=""""attr__fill=""none""attr__height=""24""attr__stroke=""currentColor""attr__stroke-width=""2""attr__viewBox=""0 0 24 24""attr__width=""24""nth-child=""1""nth-of-type=""1"";a.nav-item:attr__class=""nav-item""attr__data-v-52b55215=""""attr__href=""/stories""href=""/stories""nth-child=""3""nth-of-type=""3""text=""Stories"";nav.bottom-nav:attr__class=""bottom-nav""attr__data-v-52b55215=""""attr__data-v-ccff5985=""""nth-child=""2""nth-of-type=""1"";div.main-layout:attr__class=""main-layout""attr__data-v-ccff5985=""""nth-child=""1""nth-of-type=""1"";div:attr__data-v-app=""""attr__id=""app""attr_id=""app""nth-child=""1""nth-of-type=""1"";body:attr__style=""font-size: 24px;""attr__youdao=""bind""nth-child=""3""nth-of-type=""1""",2026-03-30 03:54:51.456000+00:00,full,,,,,,,,,,,,,,,,,,,,click,1,,path,,,,2,2,,,,0,,svg,,,,1,1,,,,1,Stories,a,nav-item,,,3,3,nav-item,,,2,,nav,bottom-nav,,,,1,bottom-nav,,,3,,div,main-layout,,,,,main-layout,"""nth-child=",1,4,,div,,,,1,1,"""attr__id=",app,5,,body,,,,3,1,font-size: 24px;,bind,6,,,,,,,,,"""attr__href=",,"""attr__fill=",,,,,,,,,,,M6.5 2H20v20H6.5A2.5 2.5 0 0 1 4 19.5v-15A2.5 2.5 0 0 1 6.5 2z,/stories,,24,currentColor,2,0 0 24 24,24,"""attr__href=",/stories,"""attr__data-v-ccff5985=",2,,,,,,,,,,,,,,,,,,,,,,,,,,,,,,,,,,,,,,,,,,,,,,,,,,,,,,,,,,,,,,,,,,,,,,,,,,,,,,,,,,,,,,,,,,,,,,,,,,,,,,,,,,,,,,,,,,,,,,,,,,,,,,,,,,,,,,,,,,,,,,,,,,,,,,,,,,,,,,,,,,$autocapture,6@qq.com,34e80489-22e5-531b-b877-1e581c04d878,164,http://localhost:5173/,web,2026-03-30 03:54:47.322000+00:00
019d3ce1-17ba-76c5-a986-7b0e930ee6b0,home_page_viewed,-480,164,18.5,604.1,896,False,iPhone,False,,phc_JvOxmPdgICJ99RrNk2sSOsqNhVt0HJkw9yAZcvYxl0Y,unset,$direct,019d3cc0-4589-784e-9862-b74704373751,Asia/Shanghai,019d3ce1-170f-77a4-9063-02d1801f31c8,97.8,dbab65d5-addc-4833-b797-84f5d609a360,zh,localhost:5173,414,zh-CN,1.334.1,019d3cc0-4589-784e-9862-b748d9c86108,False,0,True,http://localhost:5173/,019d34c1-1aa6-722e-8668-f477eef75b2a,1800000,2026-03-30T03:47:07.558Z,iOS,896,web,$direct,mobile,414,urv65pw316wp0903,disabled,164,Safari,synchronous,1,/,"Mozilla/5.0 (iPhone; CPU iPhone OS 18_5 like Mac OS X) AppleWebKit/605.1.15 (KHTML, like Gecko) Version/18.5 Mobile/15E148 Safari/604.1",1774842427827,False,False,1774842877.882,2604:a880:4:1d0:0:2:64bd:0,2026-03-30T03:54:40.708Z,Santa Clara,,,,California,CA,United States,US,North America,NA,95054,37.3931,-121.962,20,America/Los_Angeles,Safari,604.1,mobile,http://localhost:5173/,/,iOS,18.5,$direct,$direct,896,414,896,414,"Mozilla/5.0 (iPhone; CPU iPhone OS 18_5 like Mac OS X) AppleWebKit/605.1.15 (KHTML, like Gecko) Version/18.5 Mobile/15E148 Safari/604.1",Santa Clara,,,,California,CA,United States,US,North America,NA,95054,37.3931,-121.962,20,America/Los_Angeles,Safari,604.1,mobile,http://localhost:5173/,/,iOS,18.5,$direct,$direct,896,414,896,414,"Mozilla/5.0 (iPhone; CPU iPhone OS 18_5 like Mac OS X) AppleWebKit/605.1.15 (KHTML, like Gecko) Version/18.5 Mobile/15E148 Safari/604.1",Santa Clara,United States,US,North America,NA,95054,37.3931,-121.962,20,America/Los_Angeles,CA,California,GeoIP (019be95e-8fc1-0000-693d-22902402a2b8),False,2026-03-30 03:54:38.048000+00:00,296666,164,,2026-03-30 03:54:42.643000+00:00,full,,,,,,,,,,,,,,,,,,,,,,,,,,,,,,,,,,,,,,,,,,,,,,,,,,,,,,,,,,,,,,,,,,,,,,,,,,,,,,,,,,,,,,,,,,,,,,,,,,,,,,,,,,,,,,,,,,,,,,,,,,,,,,,,,,,,,,,,,,,,,,,,,,,,,,,,,,,,,,,,,,,,,,,,,,,,,,,,,,,,,,,,,,,,,,,,,,,,,,,,,,,,,,,,,,,,,,,,,,,,,,,,,,,,,,,,,,,,,,,,,,,,,,,,,,,,,,,,,,,,,,,,,,,,,,,,,,,,,,,,,,,,,,,,,,,home_page_viewed,6@qq.com,34e80489-22e5-531b-b877-1e581c04d878,164,http://localhost:5173/,web,2026-03-30 03:54:38.048000+00:00
019d3ce1-171b-71c8-9a67-76229b99acd0,brushing_completed,-480,164,18.5,604.1,896,False,iPhone,False,,phc_JvOxmPdgICJ99RrNk2sSOsqNhVt0HJkw9yAZcvYxl0Y,unset,$direct,019d3cc0-4589-784e-9862-b74704373751,Asia/Shanghai,019d3ce1-170f-77a4-9063-02d1801f31c8,97.21,dbab65d5-addc-4833-b797-84f5d609a360,zh,localhost:5173,414,zh-CN,1.334.1,019d3cc0-4589-784e-9862-b748d9c86108,False,0,True,http://localhost:5173/,019d34c1-1aa6-722e-8668-f477eef75b2a,1800000,2026-03-30T03:47:07.558Z,iOS,896,web,$direct,mobile,414,jjm0v4676y3lkhn6,disabled,164,Safari,synchronous,1,/,"Mozilla/5.0 (iPhone; CPU iPhone OS 18_5 like Mac OS X) AppleWebKit/605.1.15 (KHTML, like Gecko) Version/18.5 Mobile/15E148 Safari/604.1",1774842427827,False,False,1774842877.723,2604:a880:4:1d0:0:2:64bd:0,2026-03-30T03:54:40.708Z,Santa Clara,,,,California,CA,United States,US,North America,NA,95054,37.3931,-121.962,20,America/Los_Angeles,Safari,604.1,mobile,http://localhost:5173/,/,iOS,18.5,$direct,$direct,896,414,896,414,"Mozilla/5.0 (iPhone; CPU iPhone OS 18_5 like Mac OS X) AppleWebKit/605.1.15 (KHTML, like Gecko) Version/18.5 Mobile/15E148 Safari/604.1",Santa Clara,,,,California,CA,United States,US,North America,NA,95054,37.3931,-121.962,20,America/Los_Angeles,Safari,604.1,mobile,http://localhost:5173/,/,iOS,18.5,$direct,$direct,896,414,896,414,"Mozilla/5.0 (iPhone; CPU iPhone OS 18_5 like Mac OS X) AppleWebKit/605.1.15 (KHTML, like Gecko) Version/18.5 Mobile/15E148 Safari/604.1",Santa Clara,United States,US,North America,NA,95054,37.3931,-121.962,20,America/Los_Angeles,CA,California,GeoIP (019be95e-8fc1-0000-693d-22902402a2b8),False,2026-03-30 03:54:37.889000+00:00,296666,164,,2026-03-30 03:54:42.631000+00:00,full,2026-03-30T03:54:37.720Z,0,home,2026-03-30T03:54:31.094Z,0,927f4d82-57cf-4e40-b878-f13101558a80,7,,,,,,,,,,,,,,,,,,,,,,,,,,,,,,,,,,,,,,,,,,,,,,,,,,,,,,,,,,,,,,,,,,,,,,,,,,,,,,,,,,,,,,,,,,,,,,,,,,,,,,,,,,,,,,,,,,,,,,,,,,,,,,,,,,,,,,,,,,,,,,,,,,,,,,,,,,,,,,,,,,,,,,,,,,,,,,,,,,,,,,,,,,,,,,,,,,,,,,,,,,,,,,,,,,,,,,,,,,,,,,,,,,,,,,,,,,,,,,,,,,,,,,,,,,,,,,,,,,,,,,,,,,,,,,,,,,,,,,,,,,,,brushing_completed,6@qq.com,34e80489-22e5-531b-b877-1e581c04d878,164,http://localhost:5173/,web,2026-03-30 03:54:37.889000+00:00
019d3ce1-170f-77a4-9063-02d1801f31c8,$pageview,-480,164,18.5.0,18.5,896,False,iPhone,False,,phc_JvOxmPdgICJ99RrNk2sSOsqNhVt0HJkw9yAZcvYxl0Y,unset,$direct,019d3cc0-4589-784e-9862-b74704373751,Asia/Shanghai,019d3ce1-170f-77a4-9063-02d1801f31c8,98.1,dbab65d5-addc-4833-b797-84f5d609a360,zh,localhost:5173,414,zh-CN,1.334.1,019d3cc0-4589-784e-9862-b748d9c86108,False,0,True,http://localhost:5173/,019d34c1-1aa6-722e-8668-f477eef75b2a,1800000,2026-03-30T03:47:07.558Z,iOS,896,web,$direct,Mobile,414,3xw0v93tizwscj4t,disabled,164,Mobile Safari,synchronous,1,/,"Mozilla/5.0 (iPhone; CPU iPhone OS 18_5 like Mac OS X) AppleWebKit/605.1.15 (KHTML, like Gecko) Version/18.5 Mobile/15E148 Safari/604.1",1774842427827,False,False,1774842877.712,2604:a880:4:1d0:0:2:64bd:0,2026-03-30T03:54:40.708Z,Santa Clara,,,,California,CA,United States,US,North America,NA,95054,37.3931,-121.962,20,America/Los_Angeles,Mobile Safari,18.5,Mobile,http://localhost:5173/,/,iOS,18.5.0,$direct,$direct,896,414,896,414,"Mozilla/5.0 (iPhone; CPU iPhone OS 18_5 like Mac OS X) AppleWebKit/605.1.15 (KHTML, like Gecko) Version/18.5 Mobile/15E148 Safari/604.1",Santa Clara,,,,California,CA,United States,US,North America,NA,95054,37.3931,-121.962,20,America/Los_Angeles,Mobile Safari,18.5,Mobile,http://localhost:5173/,/,iOS,18.5.0,$direct,$direct,896,414,896,414,"Mozilla/5.0 (iPhone; CPU iPhone OS 18_5 like Mac OS X) AppleWebKit/605.1.15 (KHTML, like Gecko) Version/18.5 Mobile/15E148 Safari/604.1",Santa Clara,United States,US,North America,NA,95054,37.3931,-121.962,20,America/Los_Angeles,CA,California,GeoIP (019be95e-8fc1-0000-693d-22902402a2b8),False,2026-03-30 03:54:37.877000+00:00,296666,164,,2026-03-30 03:54:42.604000+00:00,full,,,,,,,,1,896,1,0,896,/brushing,1,1,0,6.795,019d3ce0-fc84-7815-b9ff-1c9e376cd344,BrushBuddy - Kids Brushing App,,,,,,,,,,,,,,,,,,,,,,,,,,,,,,,,,,,,,,,,,,,,,,,,,,,,,,,,,,,,,,,,,,,,,,,,,,,,,,,,,,,,,,,,,,,,,,,,,,,,,,,,,,,,,,,,,,,,,,,,,,,,,,,,,,,,,,,,,,,,,,,,,,,,,,,,,,,,,,,,,,,,,,,,,,,,,,,,,,,,,,,,,,,,,,,,,,,,,,,,,,,,,,,,,,,,,,,,,,,,,,,,,,,,,,,,,,,,,,,,,,,,,,,,,,,,,,,,,,,,,,,,,,,,,,,,$pageview,6@qq.com,34e80489-22e5-531b-b877-1e581c04d878,164,http://localhost:5173/,web,2026-03-30 03:54:37.877000+00:00
019d3ce1-1705-7553-a8cf-5ca2eca03772,$autocapture,-480,164,18.5.0,18.5,896,False,iPhone,False,,phc_JvOxmPdgICJ99RrNk2sSOsqNhVt0HJkw9yAZcvYxl0Y,unset,$direct,019d3cc0-4589-784e-9862-b74704373751,Asia/Shanghai,019d3ce0-fc84-7815-b9ff-1c9e376cd344,99,dbab65d5-addc-4833-b797-84f5d609a360,zh,localhost:5173,414,zh-CN,1.334.1,019d3cc0-4589-784e-9862-b748d9c86108,False,0,True,http://localhost:5173/brushing?source=home&taskId=927f4d82-57cf-4e40-b878-f13101558a80&userName=olia&isOtherStory=false,019d34c1-1aa6-722e-8668-f477eef75b2a,1800000,2026-03-30T03:47:07.558Z,iOS,896,web,$direct,Mobile,414,ifqoaz3fau1ivvwa,disabled,164,Mobile Safari,synchronous,1,/brushing,"Mozilla/5.0 (iPhone; CPU iPhone OS 18_5 like Mac OS X) AppleWebKit/605.1.15 (KHTML, like Gecko) Version/18.5 Mobile/15E148 Safari/604.1",1774842427827,False,False,1774842877.702,2604:a880:4:1d0:0:2:64bd:0,2026-03-30T03:54:40.708Z,Santa Clara,,,,California,CA,United States,US,North America,NA,95054,37.3931,-121.962,20,America/Los_Angeles,Mobile Safari,18.5,Mobile,http://localhost:5173/brushing?source=home&taskId=927f4d82-57cf-4e40-b878-f13101558a80&userName=olia&isOtherStory=false,/brushing,iOS,18.5.0,$direct,$direct,896,414,896,414,"Mozilla/5.0 (iPhone; CPU iPhone OS 18_5 like Mac OS X) AppleWebKit/605.1.15 (KHTML, like Gecko) Version/18.5 Mobile/15E148 Safari/604.1",Santa Clara,,,,California,CA,United States,US,North America,NA,95054,37.3931,-121.962,20,America/Los_Angeles,Mobile Safari,18.5,Mobile,http://localhost:5173/brushing?source=home&taskId=927f4d82-57cf-4e40-b878-f13101558a80&userName=olia&isOtherStory=false,/brushing,iOS,18.5.0,$direct,$direct,896,414,896,414,"Mozilla/5.0 (iPhone; CPU iPhone OS 18_5 like Mac OS X) AppleWebKit/605.1.15 (KHTML, like Gecko) Version/18.5 Mobile/15E148 Safari/604.1",Santa Clara,United States,US,North America,NA,95054,37.3931,-121.962,20,America/Los_Angeles,CA,California,GeoIP (019be95e-8fc1-0000-693d-22902402a2b8),False,2026-03-30 03:54:37.867000+00:00,296666,164,"img.close-icon:attr__alt=""close""attr__class=""close-icon""attr__data-v-b51e9791=""""attr__src=""/images/%E6%92%AD%E6%94%BE%E5%99%A8%E9%A1%B5/x-close.png""nth-child=""1""nth-of-type=""1"";button.close-button:attr__class=""close-button""attr__data-v-b51e9791=""""nth-child=""2""nth-of-type=""1"";div.mobile-wrapper:attr__class=""mobile-wrapper""attr__data-v-b51e9791=""""nth-child=""1""nth-of-type=""1"";div.brushing-container:attr__class=""brushing-container""attr__data-v-b51e9791=""""attr__data-v-ccff5985=""""nth-child=""1""nth-of-type=""1"";div.content-area:attr__class=""content-area""attr__data-v-ccff5985=""""nth-child=""1""nth-of-type=""1"";div.main-layout:attr__class=""main-layout""attr__data-v-ccff5985=""""nth-child=""1""nth-of-type=""1"";div:attr__data-v-app=""""attr__id=""app""attr_id=""app""nth-child=""1""nth-of-type=""1"";body:attr__style=""font-size: 24px;""attr__youdao=""bind""nth-child=""3""nth-of-type=""1""",2026-03-30 03:54:42.558000+00:00,full,,,,,,,,,,,,,,,,,,,,click,1,,img,close-icon,,,,1,close-icon,"""attr__src=",,0,,button,close-button,,,,,close-button,"""nth-child=",,1,,div,mobile-wrapper,,,,,mobile-wrapper,"""nth-child=",,2,,div,brushing-container,,,,1,brushing-container,,,3,,div,content-area,,,,,content-area,"""nth-child=",1,4,,div,,,,,,,,5,,div,,,,1,1,,,6,,close,,,,,,,,,,,,1,,,,,,,,,,,,,,,,,,,1,1,1,"""attr__data-v-ccff5985=",main-layout,main-layout,"""nth-child=",1,"""attr__id=",app,,body,,,,3,1,font-size: 24px;,bind,7,,,,,,,,,,,,,,,,,,,,,,,,,,,,,,,,,,,,,,,,,,,,,,,,,,,,,,,,,,,,,,,,,,,,,,,,,,,,,,,,,,,,,,,,,,,,,,,,,,,,,,,,,,,,,,,,,,,,,,,,,,,,,,,,,,,,,,,,,,,,,,,$autocapture,6@qq.com,34e80489-22e5-531b-b877-1e581c04d878,164,http://localhost:5173/brushing?source=home&taskId=927f4d82-57cf-4e40-b878-f13101558a80&userName=olia&isOtherStory=false,web,2026-03-30 03:54:37.867000+00:00
019d3ce0-feae-76b7-b615-2a0f7ca00114,brushing_started,-480,164,18.5,604.1,896,False,iPhone,False,,phc_JvOxmPdgICJ99RrNk2sSOsqNhVt0HJkw9yAZcvYxl0Y,unset,$direct,019d3cc0-4589-784e-9862-b74704373751,Asia/Shanghai,019d3ce0-fc84-7815-b9ff-1c9e376cd344,99,dbab65d5-addc-4833-b797-84f5d609a360,zh,localhost:5173,414,zh-CN,1.334.1,019d3cc0-4589-784e-9862-b748d9c86108,False,0,True,http://localhost:5173/brushing?source=home&taskId=927f4d82-57cf-4e40-b878-f13101558a80&userName=olia&isOtherStory=false,019d34c1-1aa6-722e-8668-f477eef75b2a,1800000,2026-03-30T03:47:07.558Z,iOS,896,web,$direct,mobile,414,cxwcoabugec84oqk,disabled,164,Safari,synchronous,1,/brushing,"Mozilla/5.0 (iPhone; CPU iPhone OS 18_5 like Mac OS X) AppleWebKit/605.1.15 (KHTML, like Gecko) Version/18.5 Mobile/15E148 Safari/604.1",1774842427827,False,False,1774842871.47,2604:a880:4:1d0:0:2:64bd:0,2026-03-30T03:54:33.7Z,Santa Clara,,,,California,CA,United States,US,North America,NA,95054,37.3931,-121.962,20,America/Los_Angeles,Safari,604.1,mobile,http://localhost:5173/brushing?source=home&taskId=927f4d82-57cf-4e40-b878-f13101558a80&userName=olia&isOtherStory=false,/brushing,iOS,18.5,$direct,$direct,896,414,896,414,"Mozilla/5.0 (iPhone; CPU iPhone OS 18_5 like Mac OS X) AppleWebKit/605.1.15 (KHTML, like Gecko) Version/18.5 Mobile/15E148 Safari/604.1",Santa Clara,,,,California,CA,United States,US,North America,NA,95054,37.3931,-121.962,20,America/Los_Angeles,Safari,604.1,mobile,http://localhost:5173/brushing?source=home&taskId=927f4d82-57cf-4e40-b878-f13101558a80&userName=olia&isOtherStory=false,/brushing,iOS,18.5,$direct,$direct,896,414,896,414,"Mozilla/5.0 (iPhone; CPU iPhone OS 18_5 like Mac OS X) AppleWebKit/605.1.15 (KHTML, like Gecko) Version/18.5 Mobile/15E148 Safari/604.1",Santa Clara,United States,US,North America,NA,95054,37.3931,-121.962,20,America/Los_Angeles,CA,California,GeoIP (019be95e-8fc1-0000-693d-22902402a2b8),False,2026-03-30 03:54:32.552000+00:00,296666,164,,2026-03-30 03:54:40.316000+00:00,full,,,home,2026-03-30T03:54:31.094Z,,927f4d82-57cf-4e40-b878-f13101558a80,,,,,,,,,,,,,,,,,,,,,,,,,,,,,,,,,,,,,,,,,,,,,,,,,,,,,,,,,,,,,,,,,,,,,,,,,,,,,,,,,,,,,,,,,,,olia,,,,,,,,,,,,,,,,,,,,,,,,,,,,,,,,,,,,,,,,,,,,,,,,,,,,,,,,,,,,,,,,,,,,,,,,,,,,,,,,,,,,,,,,,,,,,,,,,,,,,,,,,,,,,,,,,,,,,,,,,,,,,,,,,,,,,,,,,,,,,,,,,,,,,,,,,,,,,,,,,,,,,,,,,,,,,,,,,,,,,,,,,,,,,,,,,,brushing_started,6@qq.com,34e80489-22e5-531b-b877-1e581c04d878,164,http://localhost:5173/brushing?source=home&taskId=927f4d82-57cf-4e40-b878-f13101558a80&userName=olia&isOtherStory=false,web,2026-03-30 03:54:32.552000+00:00
019d3ce0-fc84-7815-b9ff-1c9e376cd344,$pageview,-480,164,18.5.0,18.5,896,False,iPhone,False,,phc_JvOxmPdgICJ99RrNk2sSOsqNhVt0HJkw9yAZcvYxl0Y,unset,$direct,019d3cc0-4589-784e-9862-b74704373751,Asia/Shanghai,019d3ce0-fc84-7815-b9ff-1c9e376cd344,99,dbab65d5-addc-4833-b797-84f5d609a360,zh,localhost:5173,414,zh-CN,1.334.1,019d3cc0-4589-784e-9862-b748d9c86108,False,0,True,http://localhost:5173/brushing?source=home&taskId=927f4d82-57cf-4e40-b878-f13101558a80&userName=olia&isOtherStory=false,019d34c1-1aa6-722e-8668-f477eef75b2a,1800000,2026-03-30T03:47:07.558Z,iOS,896,web,$direct,Mobile,414,olwyr99km4tngzi1,disabled,164,Mobile Safari,synchronous,1,/brushing,"Mozilla/5.0 (iPhone; CPU iPhone OS 18_5 like Mac OS X) AppleWebKit/605.1.15 (KHTML, like Gecko) Version/18.5 Mobile/15E148 Safari/604.1",1774842427827,False,False,1774842870.917,2604:a880:4:1d0:0:2:64bd:0,2026-03-30T03:54:33.7Z,Santa Clara,,,,California,CA,United States,US,North America,NA,95054,37.3931,-121.962,20,America/Los_Angeles,Mobile Safari,18.5,Mobile,http://localhost:5173/brushing?source=home&taskId=927f4d82-57cf-4e40-b878-f13101558a80&userName=olia&isOtherStory=false,/brushing,iOS,18.5.0,$direct,$direct,896,414,896,414,"Mozilla/5.0 (iPhone; CPU iPhone OS 18_5 like Mac OS X) AppleWebKit/605.1.15 (KHTML, like Gecko) Version/18.5 Mobile/15E148 Safari/604.1",Santa Clara,,,,California,CA,United States,US,North America,NA,95054,37.3931,-121.962,20,America/Los_Angeles,Mobile Safari,18.5,Mobile,http://localhost:5173/brushing?source=home&taskId=927f4d82-57cf-4e40-b878-f13101558a80&userName=olia&isOtherStory=false,/brushing,iOS,18.5.0,$direct,$direct,896,414,896,414,"Mozilla/5.0 (iPhone; CPU iPhone OS 18_5 like Mac OS X) AppleWebKit/605.1.15 (KHTML, like Gecko) Version/18.5 Mobile/15E148 Safari/604.1",Santa Clara,United States,US,North America,NA,95054,37.3931,-121.962,20,America/Los_Angeles,CA,California,GeoIP (019be95e-8fc1-0000-693d-22902402a2b8),False,2026-03-30 03:54:31.998000+00:00,296666,164,,2026-03-30 03:54:40.245000+00:00,full,,,,,,,,1,896,1,0,896,/,1,1,0,440.646,019d3cda-433e-73c7-b265-5e909b03ef33,BrushBuddy - Kids Brushing App,,,,,,,,,,,,,,,,,,,,,,,,,,,,,,,,,,,,,,,,,,,,,,,,,,,,,,,,,,,,,,,,,,,,,,,,,,,,,,,,,,,,,,,,,,,,,,,,,,,,,,,,,,,,,,,,,,,,,,,,,,,,,,,,,,,,,,,,,,,,,,,,,,,,,,,,,,,,,,,,,,,,,,,,,,,,,,,,,,,,,,,,,,,,,,,,,,,,,,,,,,,,,,,,,,,,,,,,,,,,,,,,,,,,,,,,,,,,,,,,,,,,,,,,,,,,,,,,,,,,,,,,,,,,,,,,$pageview,6@qq.com,34e80489-22e5-531b-b877-1e581c04d878,164,http://localhost:5173/brushing?source=home&taskId=927f4d82-57cf-4e40-b878-f13101558a80&userName=olia&isOtherStory=false,web,2026-03-30 03:54:31.998000+00:00
019d3ce0-fb9f-7d82-8d56-76851dadd826,$autocapture,-480,164,18.5.0,18.5,896,False,iPhone,False,,phc_JvOxmPdgICJ99RrNk2sSOsqNhVt0HJkw9yAZcvYxl0Y,unset,$direct,019d3cc0-4589-784e-9862-b74704373751,Asia/Shanghai,019d3cda-433e-73c7-b265-5e909b03ef33,99,dbab65d5-addc-4833-b797-84f5d609a360,zh,localhost:5173,414,zh-CN,1.334.1,019d3cc0-4589-784e-9862-b748d9c86108,False,0,True,http://localhost:5173/,019d34c1-1aa6-722e-8668-f477eef75b2a,1800000,2026-03-30T03:47:07.558Z,iOS,896,web,$direct,Mobile,414,463ifqtrq8hbas7s,disabled,164,Mobile Safari,synchronous,1,/,"Mozilla/5.0 (iPhone; CPU iPhone OS 18_5 like Mac OS X) AppleWebKit/605.1.15 (KHTML, like Gecko) Version/18.5 Mobile/15E148 Safari/604.1",1774842427827,False,False,1774842870.688,2604:a880:4:1d0:0:2:64bd:0,2026-03-30T03:54:33.7Z,Santa Clara,,,,California,CA,United States,US,North America,NA,95054,37.3931,-121.962,20,America/Los_Angeles,Mobile Safari,18.5,Mobile,http://localhost:5173/,/,iOS,18.5.0,$direct,$direct,896,414,896,414,"Mozilla/5.0 (iPhone; CPU iPhone OS 18_5 like Mac OS X) AppleWebKit/605.1.15 (KHTML, like Gecko) Version/18.5 Mobile/15E148 Safari/604.1",Santa Clara,,,,California,CA,United States,US,North America,NA,95054,37.3931,-121.962,20,America/Los_Angeles,Mobile Safari,18.5,Mobile,http://localhost:5173/,/,iOS,18.5.0,$direct,$direct,896,414,896,414,"Mozilla/5.0 (iPhone; CPU iPhone OS 18_5 like Mac OS X) AppleWebKit/605.1.15 (KHTML, like Gecko) Version/18.5 Mobile/15E148 Safari/604.1",Santa Clara,United States,US,North America,NA,95054,37.3931,-121.962,20,America/Los_Angeles,CA,California,GeoIP (019be95e-8fc1-0000-693d-22902402a2b8),False,2026-03-30 03:54:31.768000+00:00,296666,164,"img.create-button:attr__alt=""Create""attr__class=""create-button""attr__data-v-752b5232=""""attr__src=""/images/首页/创建过，开始刷牙.png""nth-child=""6""nth-of-type=""4"";div.mobile-wrapper:attr__class=""mobile-wrapper""attr__data-v-752b5232=""""nth-child=""1""nth-of-type=""1"";div.home-container:attr__class=""home-container""attr__data-v-752b5232=""""attr__data-v-ccff5985=""""nth-child=""1""nth-of-type=""1"";div.content-area.has-bottom-nav:attr__class=""content-area has-bottom-nav""attr__data-v-ccff5985=""""nth-child=""1""nth-of-type=""1"";div.main-layout:attr__class=""main-layout""attr__data-v-ccff5985=""""nth-child=""1""nth-of-type=""1"";div:attr__data-v-app=""""attr__id=""app""attr_id=""app""nth-child=""1""nth-of-type=""1"";body:attr__style=""font-size: 24px;""attr__youdao=""bind""nth-child=""3""nth-of-type=""1""",2026-03-30 03:54:40.065000+00:00,full,,,,,,,,,,,,,,,,,,,,click,1,,img,create-button,,,,4,create-button,,,0,,div,mobile-wrapper,,,,,mobile-wrapper,,1,1,,div,home-container,,,,1,home-container,,1,2,,div,content-area,,,,,content-area has-bottom-nav,"""nth-child=",1,3,,div,main-layout,,,,,main-layout,"""nth-child=",1,4,,div,,,,1,1,"""attr__id=",app,5,,body,,,,3,1,font-size: 24px;,bind,6,,Create,"""attr__src=",6,"""nth-child=","""attr__data-v-ccff5985=",has-bottom-nav,,,,,,,,,,,,,,,,,,,,,,,,,,,,,,,,,,,,,,,,,,,,,,,,,,,,,,,,,,,,,,,,,,,,,,,,,,,,,,,,,,,,,,,,,,,,,,,,,,,,,,,,,,,,,,,,,,,,,,,,,,,,,,,,,,,,,,,,,,,,,,,,,,,,,,,,,,,,,,,,,,,,,,,,,,,,,,,,,,,,,,,,,,,,$autocapture,6@qq.com,34e80489-22e5-531b-b877-1e581c04d878,164,http://localhost:5173/,web,2026-03-30 03:54:31.768000+00:00
019d3cda-4460-729b-a6ff-7f4b003d4f3c,home_page_viewed,-480,164,18.5,604.1,896,False,iPhone,False,,phc_JvOxmPdgICJ99RrNk2sSOsqNhVt0HJkw9yAZcvYxl0Y,unset,$direct,019d3cc0-4589-784e-9862-b74704373751,Asia/Shanghai,019d3cda-433e-73c7-b265-5e909b03ef33,99,dbab65d5-addc-4833-b797-84f5d609a360,zh,localhost:5173,414,zh-CN,1.334.1,019d3cc0-4589-784e-9862-b748d9c86108,False,0,True,http://localhost:5173/,019d34c1-1aa6-722e-8668-f477eef75b2a,1800000,2026-03-30T03:47:07.558Z,iOS,896,web,$direct,mobile,414,70kyzjbfif2cwl6r,disabled,164,Safari,synchronous,1,/,"Mozilla/5.0 (iPhone; CPU iPhone OS 18_5 like Mac OS X) AppleWebKit/605.1.15 (KHTML, like Gecko) Version/18.5 Mobile/15E148 Safari/604.1",1774842427827,False,False,1774842430.561,2604:a880:4:1d0:0:2:64bd:0,2026-03-30T03:47:11.52Z,Santa Clara,,,,California,CA,United States,US,North America,NA,95054,37.3931,-121.962,20,America/Los_Angeles,Safari,604.1,mobile,http://localhost:5173/,/,iOS,18.5,$direct,$direct,896,414,896,414,"Mozilla/5.0 (iPhone; CPU iPhone OS 18_5 like Mac OS X) AppleWebKit/605.1.15 (KHTML, like Gecko) Version/18.5 Mobile/15E148 Safari/604.1",Santa Clara,,,,California,CA,United States,US,North America,NA,95054,37.3931,-121.962,20,America/Los_Angeles,Safari,604.1,mobile,http://localhost:5173/,/,iOS,18.5,$direct,$direct,896,414,896,414,"Mozilla/5.0 (iPhone; CPU iPhone OS 18_5 like Mac OS X) AppleWebKit/605.1.15 (KHTML, like Gecko) Version/18.5 Mobile/15E148 Safari/604.1",Santa Clara,United States,US,North America,NA,95054,37.3931,-121.962,20,America/Los_Angeles,CA,California,GeoIP (019be95e-8fc1-0000-693d-22902402a2b8),False,2026-03-30 03:47:10.774000+00:00,296666,164,,2026-03-30 03:47:14.119000+00:00,full,,,,,,,,,,,,,,,,,,,,,,,,,,,,,,,,,,,,,,,,,,,,,,,,,,,,,,,,,,,,,,,,,,,,,,,,,,,,,,,,,,,,,,,,,,,,,,,,,,,,,,,,,,,,,,,,,,,,,,,,,,,,,,,,,,,,,,,,,,,,,,,,,,,,,,,,,,,,,,,,,,,,,,,,,,,,,,,,,,,,,,,,,,,,,,,,,,,,,,,,,,,,,,,,,,,,,,,,,,,,,,,,,,,,,,,,,,,,,,,,,,,,,,,,,,,,,,,,,,,,,,,,,,,,,,,,,,,,,,,,,,,,,,,,,,,home_page_viewed,6@qq.com,34e80489-22e5-531b-b877-1e581c04d878,164,http://localhost:5173/,web,2026-03-30 03:47:10.774000+00:00
019d3cda-433e-73c7-b265-5e909b03ef33,$pageview,-480,164,18.5.0,18.5,896,False,iPhone,False,,phc_JvOxmPdgICJ99RrNk2sSOsqNhVt0HJkw9yAZcvYxl0Y,unset,$direct,019d3cc0-4589-784e-9862-b74704373751,Asia/Shanghai,019d3cda-433e-73c7-b265-5e909b03ef33,99,dbab65d5-addc-4833-b797-84f5d609a360,zh,localhost:5173,414,zh-CN,1.334.1,019d3cc0-4589-784e-9862-b748d9c86108,False,0,True,http://localhost:5173/,019d34c1-1aa6-722e-8668-f477eef75b2a,1800000,2026-03-30T03:47:07.558Z,iOS,896,web,$direct,Mobile,414,zxgehitncde13aw1,disabled,164,Mobile Safari,synchronous,1,/,"Mozilla/5.0 (iPhone; CPU iPhone OS 18_5 like Mac OS X) AppleWebKit/605.1.15 (KHTML, like Gecko) Version/18.5 Mobile/15E148 Safari/604.1",1774842427827,False,False,1774842430.274,2604:a880:4:1d0:0:2:64bd:0,2026-03-30T03:47:11.52Z,Santa Clara,,,,California,CA,United States,US,North America,NA,95054,37.3931,-121.962,20,America/Los_Angeles,Mobile Safari,18.5,Mobile,http://localhost:5173/,/,iOS,18.5.0,$direct,$direct,896,414,896,414,"Mozilla/5.0 (iPhone; CPU iPhone OS 18_5 like Mac OS X) AppleWebKit/605.1.15 (KHTML, like Gecko) Version/18.5 Mobile/15E148 Safari/604.1",Santa Clara,,,,California,CA,United States,US,North America,NA,95054,37.3931,-121.962,20,America/Los_Angeles,Mobile Safari,18.5,Mobile,http://localhost:5173/,/,iOS,18.5.0,$direct,$direct,896,414,896,414,"Mozilla/5.0 (iPhone; CPU iPhone OS 18_5 like Mac OS X) AppleWebKit/605.1.15 (KHTML, like Gecko) Version/18.5 Mobile/15E148 Safari/604.1",Santa Clara,United States,US,North America,NA,95054,37.3931,-121.962,20,America/Los_Angeles,CA,California,GeoIP (019be95e-8fc1-0000-693d-22902402a2b8),False,2026-03-30 03:47:10.484000+00:00,296666,164,,2026-03-30 03:47:14.054000+00:00,full,,,,,,,,,,,,,,,,,,,BrushBuddy - Kids Brushing App,,,,,,,,,,,,,,,,,,,,,,,,,,,,,,,,,,,,,,,,,,,,,,,,,,,,,,,,,,,,,,,,,,,,,,,,,,,,,,,,,,,,,,,,,,,,,,,,,,,,,,,,,,,,,,,,,,,,,,,,,,,,,,,,,,,,,,,,,,,,,,,,localhost:5173,,,,,,,,,,,,,,,,,,,,,,,,,,,,,,,,,,,,,,,,,,,,,,,,,,,,,,,,,,,,,,,,,,,,,,,,,,,,,,,,,,,,,,,,,,,,,,,,,,,,,,,,,,,,,,,,,,,,,,,,,,,,,,,,$pageview,6@qq.com,34e80489-22e5-531b-b877-1e581c04d878,164,http://localhost:5173/,web,2026-03-30 03:47:10.484000+00:00
019d3cd9-60a4-7a36-868a-8cc94af118aa,home_page_viewed,-480,164,18.5,604.1,896,False,iPhone,False,,phc_JvOxmPdgICJ99RrNk2sSOsqNhVt0HJkw9yAZcvYxl0Y,unset,$direct,019d3cc0-4589-784e-9862-b74704373751,Asia/Shanghai,019d3cd9-5f88-71af-bc32-bf5dc8004257,98.91,e7885be3-e4b2-435e-a0dd-97d1a06d57f7,zh,localhost:5173,414,zh-CN,1.334.1,019d3cc0-4589-784e-9862-b748d9c86108,False,0,True,http://localhost:5173/,019d34c1-1aa6-722e-8668-f477eef75b2a,1800000,2026-03-30T03:19:17.889Z,iOS,896,web,$direct,mobile,414,ye7w37mhz8et27yd,disabled,164,Safari,synchronous,0,/,"Mozilla/5.0 (iPhone; CPU iPhone OS 18_5 like Mac OS X) AppleWebKit/605.1.15 (KHTML, like Gecko) Version/18.5 Mobile/15E148 Safari/604.1",1774840784062,False,False,1774842372.26,2604:a880:4:1d0:0:2:64bd:0,2026-03-30T03:46:14.971Z,Santa Clara,,,,California,CA,United States,US,North America,NA,95054,37.3931,-121.962,20,America/Los_Angeles,Safari,604.1,mobile,http://localhost:5173/,/,iOS,18.5,$direct,$direct,896,414,896,414,"Mozilla/5.0 (iPhone; CPU iPhone OS 18_5 like Mac OS X) AppleWebKit/605.1.15 (KHTML, like Gecko) Version/18.5 Mobile/15E148 Safari/604.1",Santa Clara,,,,California,CA,United States,US,North America,NA,95054,37.3931,-121.962,20,America/Los_Angeles,Safari,604.1,mobile,http://localhost:5173/,/,iOS,18.5,$direct,$direct,896,414,896,414,"Mozilla/5.0 (iPhone; CPU iPhone OS 18_5 like Mac OS X) AppleWebKit/605.1.15 (KHTML, like Gecko) Version/18.5 Mobile/15E148 Safari/604.1",Santa Clara,United States,US,North America,NA,95054,37.3931,-121.962,20,America/Los_Angeles,CA,California,GeoIP (019be95e-8fc1-0000-693d-22902402a2b8),False,2026-03-30 03:46:13.389000+00:00,296666,164,,2026-03-30 03:46:17.857000+00:00,full,,,,,,,,,,,,,,,,,,,,,,,,,,,,,,,,,,,,,,,,,,,,,,,,,,,,,,,,,,,,,,,,,,,,,,,,,,,,,,,,,,,,,,,,,,,,,,,,,,,,,,,,,,,,,,,,,,,,,,,,,,,,,,,,,,,,,,,,,,,,,,,,,,,,,,,,,,,,,,,,,,,,,,,,,,,,,,,,,,,,,,,,,,,,,,,,,,,,,,,,,,,,,,,,,,,,,,,,,,,,,,,,,,,,,,,,,,,,,,,,,,,,,,,,,,,,,,,,,,,,,,,,,,,,,,,,,,,,,,,,,,,,,,,,,,,home_page_viewed,6@qq.com,34e80489-22e5-531b-b877-1e581c04d878,164,http://localhost:5173/,web,2026-03-30 03:46:13.389000+00:00
019d3cd9-5f9b-7801-951e-8ba20bf2af8a,brushing_completed,-480,164,18.5,604.1,896,False,iPhone,False,,phc_JvOxmPdgICJ99RrNk2sSOsqNhVt0HJkw9yAZcvYxl0Y,unset,$direct,019d3cc0-4589-784e-9862-b74704373751,Asia/Shanghai,019d3cd9-5f88-71af-bc32-bf5dc8004257,97.25,e7885be3-e4b2-435e-a0dd-97d1a06d57f7,zh,localhost:5173,414,zh-CN,1.334.1,019d3cc0-4589-784e-9862-b748d9c86108,False,0,True,http://localhost:5173/,019d34c1-1aa6-722e-8668-f477eef75b2a,1800000,2026-03-30T03:19:17.889Z,iOS,896,web,$direct,mobile,414,ucyko82v1ngxxbt9,disabled,164,Safari,synchronous,0,/,"Mozilla/5.0 (iPhone; CPU iPhone OS 18_5 like Mac OS X) AppleWebKit/605.1.15 (KHTML, like Gecko) Version/18.5 Mobile/15E148 Safari/604.1",1774840784062,False,False,1774842371.995,2604:a880:4:1d0:0:2:64bd:0,2026-03-30T03:46:14.971Z,Santa Clara,,,,California,CA,United States,US,North America,NA,95054,37.3931,-121.962,20,America/Los_Angeles,Safari,604.1,mobile,http://localhost:5173/,/,iOS,18.5,$direct,$direct,896,414,896,414,"Mozilla/5.0 (iPhone; CPU iPhone OS 18_5 like Mac OS X) AppleWebKit/605.1.15 (KHTML, like Gecko) Version/18.5 Mobile/15E148 Safari/604.1",Santa Clara,,,,California,CA,United States,US,North America,NA,95054,37.3931,-121.962,20,America/Los_Angeles,Safari,604.1,mobile,http://localhost:5173/,/,iOS,18.5,$direct,$direct,896,414,896,414,"Mozilla/5.0 (iPhone; CPU iPhone OS 18_5 like Mac OS X) AppleWebKit/605.1.15 (KHTML, like Gecko) Version/18.5 Mobile/15E148 Safari/604.1",Santa Clara,United States,US,North America,NA,95054,37.3931,-121.962,20,America/Los_Angeles,CA,California,GeoIP (019be95e-8fc1-0000-693d-22902402a2b8),False,2026-03-30 03:46:13.124000+00:00,296666,164,,2026-03-30 03:46:17.849000+00:00,full,2026-03-30T03:46:11.985Z,0,create,2026-03-30T03:38:49.070Z,0,927f4d82-57cf-4e40-b878-f13101558a80,443,,,,,,,,,,,,,,,,,,,,,,,,,,,,,,,,,,,,,,,,,,,,,,,,,,,,,,,,,,,,,,,,,,,,,,,,,,,,,,,,,,,,,,,,,,,,,,,,,,,,,,,,,,,,,,,,,,,,,,,,,,,,,,,,,,,,,,,,,,,,,,,,,,,,,,,,,,,,,,,,,,,,,,,,,,,,,,,,,,,,,,,,,,,,,,,,,,,,,,,,,,,,,,,,,,,,,,,,,,,,,,,,,,,,,,,,,,,,,,,,,,,,,,,,,,,,,,,,,,,,,,,,,,,,,,,,,,,,,,,,,,,,brushing_completed,6@qq.com,34e80489-22e5-531b-b877-1e581c04d878,164,http://localhost:5173/,web,2026-03-30 03:46:13.124000+00:00
019d3cd9-5f88-71af-bc32-bf5dc8004257,$pageview,-480,164,18.5.0,18.5,896,False,iPhone,False,,phc_JvOxmPdgICJ99RrNk2sSOsqNhVt0HJkw9yAZcvYxl0Y,unset,$direct,019d3cc0-4589-784e-9862-b74704373751,Asia/Shanghai,019d3cd9-5f88-71af-bc32-bf5dc8004257,98.06,e7885be3-e4b2-435e-a0dd-97d1a06d57f7,zh,localhost:5173,414,zh-CN,1.334.1,019d3cc0-4589-784e-9862-b748d9c86108,False,0,True,http://localhost:5173/,019d34c1-1aa6-722e-8668-f477eef75b2a,1800000,2026-03-30T03:19:17.889Z,iOS,896,web,$direct,Mobile,414,3cj7bbf4r4bk17p8,disabled,164,Mobile Safari,synchronous,0,/,"Mozilla/5.0 (iPhone; CPU iPhone OS 18_5 like Mac OS X) AppleWebKit/605.1.15 (KHTML, like Gecko) Version/18.5 Mobile/15E148 Safari/604.1",1774840784062,False,False,1774842371.976,2604:a880:4:1d0:0:2:64bd:0,2026-03-30T03:46:14.971Z,Santa Clara,,,,California,CA,United States,US,North America,NA,95054,37.3931,-121.962,20,America/Los_Angeles,Mobile Safari,18.5,Mobile,http://localhost:5173/,/,iOS,18.5.0,$direct,$direct,896,414,896,414,"Mozilla/5.0 (iPhone; CPU iPhone OS 18_5 like Mac OS X) AppleWebKit/605.1.15 (KHTML, like Gecko) Version/18.5 Mobile/15E148 Safari/604.1",Santa Clara,,,,California,CA,United States,US,North America,NA,95054,37.3931,-121.962,20,America/Los_Angeles,Mobile Safari,18.5,Mobile,http://localhost:5173/,/,iOS,18.5.0,$direct,$direct,896,414,896,414,"Mozilla/5.0 (iPhone; CPU iPhone OS 18_5 like Mac OS X) AppleWebKit/605.1.15 (KHTML, like Gecko) Version/18.5 Mobile/15E148 Safari/604.1",Santa Clara,United States,US,North America,NA,95054,37.3931,-121.962,20,America/Los_Angeles,CA,California,GeoIP (019be95e-8fc1-0000-693d-22902402a2b8),False,2026-03-30 03:46:13.105000+00:00,296666,164,,2026-03-30 03:46:17.822000+00:00,full,,,,,,,,1,896,1,0,896,/brushing,1,1,0,443.083,019d3cd2-9cbd-7c86-881e-68c6077fb418,BrushBuddy - Kids Brushing App,,,,,,,,,,,,,,,,,,,,,,,,,,,,,,,,,,,,,,,,,,,,,,,,,,,,,,,,,,,,,,,,,,,,,,,,,,,,,,,,,,,,,,,,,,,,,,,,,,,,,,,,,,,,,,,,,,,,,,,,,,,,,,,,,,,,,,,,,,,,,,,,,,,,,,,,,,,,,,,,,,,,,,,,,,,,,,,,,,,,,,,,,,,,,,,,,,,,,,,,,,,,,,,,,,,,,,,,,,,,,,,,,,,,,,,,,,,,,,,,,,,,,,,,,,,,,,,,,,,,,,,,,,,,,,,,$pageview,6@qq.com,34e80489-22e5-531b-b877-1e581c04d878,164,http://localhost:5173/,web,2026-03-30 03:46:13.105000+00:00
019d3cd9-5f82-7974-bce5-bf2343230a9d,$autocapture,-480,164,18.5.0,18.5,896,False,iPhone,False,,phc_JvOxmPdgICJ99RrNk2sSOsqNhVt0HJkw9yAZcvYxl0Y,unset,$direct,019d3cc0-4589-784e-9862-b74704373751,Asia/Shanghai,019d3cd2-9cbd-7c86-881e-68c6077fb418,99,e7885be3-e4b2-435e-a0dd-97d1a06d57f7,zh,localhost:5173,414,zh-CN,1.334.1,019d3cc0-4589-784e-9862-b748d9c86108,False,0,True,http://localhost:5173/brushing?taskId=927f4d82-57cf-4e40-b878-f13101558a80&source=create&userName=olia,019d34c1-1aa6-722e-8668-f477eef75b2a,1800000,2026-03-30T03:19:17.889Z,iOS,896,web,$direct,Mobile,414,cagh3dyutfrxskwc,disabled,164,Mobile Safari,synchronous,0,/brushing,"Mozilla/5.0 (iPhone; CPU iPhone OS 18_5 like Mac OS X) AppleWebKit/605.1.15 (KHTML, like Gecko) Version/18.5 Mobile/15E148 Safari/604.1",1774840784062,False,False,1774842371.97,2604:a880:4:1d0:0:2:64bd:0,2026-03-30T03:46:14.971Z,Santa Clara,,,,California,CA,United States,US,North America,NA,95054,37.3931,-121.962,20,America/Los_Angeles,Mobile Safari,18.5,Mobile,http://localhost:5173/brushing?taskId=927f4d82-57cf-4e40-b878-f13101558a80&source=create&userName=olia,/brushing,iOS,18.5.0,$direct,$direct,896,414,896,414,"Mozilla/5.0 (iPhone; CPU iPhone OS 18_5 like Mac OS X) AppleWebKit/605.1.15 (KHTML, like Gecko) Version/18.5 Mobile/15E148 Safari/604.1",Santa Clara,,,,California,CA,United States,US,North America,NA,95054,37.3931,-121.962,20,America/Los_Angeles,Mobile Safari,18.5,Mobile,http://localhost:5173/brushing?taskId=927f4d82-57cf-4e40-b878-f13101558a80&source=create&userName=olia,/brushing,iOS,18.5.0,$direct,$direct,896,414,896,414,"Mozilla/5.0 (iPhone; CPU iPhone OS 18_5 like Mac OS X) AppleWebKit/605.1.15 (KHTML, like Gecko) Version/18.5 Mobile/15E148 Safari/604.1",Santa Clara,United States,US,North America,NA,95054,37.3931,-121.962,20,America/Los_Angeles,CA,California,GeoIP (019be95e-8fc1-0000-693d-22902402a2b8),False,2026-03-30 03:46:13.099000+00:00,296666,164,"img.tap-it-image:attr__alt=""Tap it""attr__class=""tap-it-image""attr__data-v-b51e9791=""""attr__src=""/images/%E6%92%AD%E6%94%BE%E5%99%A8%E9%A1%B5/Tap%20it.png""nth-child=""1""nth-of-type=""1"";button.tap-it-button:attr__class=""tap-it-button""attr__data-v-b51e9791=""""nth-child=""2""nth-of-type=""1"";div.completion-screen:attr__class=""completion-screen""attr__data-v-b51e9791=""""nth-child=""3""nth-of-type=""2"";div.mobile-wrapper:attr__class=""mobile-wrapper""attr__data-v-b51e9791=""""nth-child=""1""nth-of-type=""1"";div.brushing-container:attr__class=""brushing-container""attr__data-v-b51e9791=""""attr__data-v-ccff5985=""""nth-child=""1""nth-of-type=""1"";div.content-area:attr__class=""content-area""attr__data-v-ccff5985=""""nth-child=""1""nth-of-type=""1"";div.main-layout:attr__class=""main-layout""attr__data-v-ccff5985=""""nth-child=""1""nth-of-type=""1"";div:attr__data-v-app=""""attr__id=""app""attr_id=""app""nth-child=""1""nth-of-type=""1"";body:attr__style=""font-size: 24px;""attr__youdao=""bind""nth-child=""3""nth-of-type=""1""",2026-03-30 03:46:17.691000+00:00,full,,,,,,,,,,,,,,,,,,,,click,1,,img,tap-it-image,,,,1,tap-it-image,"""attr__src=",,0,,button,tap-it-button,,,,,tap-it-button,"""nth-child=",,1,,div,completion-screen,,,,,completion-screen,"""nth-child=",,2,,div,mobile-wrapper,,,,,mobile-wrapper,,1,3,,div,brushing-container,,,,1,brushing-container,,,4,,div,,,,,,,,5,,div,,,,,,,,6,,Tap it,,,,,,,,,,,,,,,,,,,,,,,,,,,,,,,,,1,"""nth-child=",content-area,content-area,"""nth-child=",1,,,,div,,,,1,1,,,7,,,,,,,,,,,,,,,,,,,,,,,,,,1,2,"""attr__data-v-ccff5985=",1,main-layout,main-layout,"""nth-child=",1,"""attr__id=",app,,body,,,,3,1,font-size: 24px;,bind,8,,,,,,,,,,,,,,,,,,,,,,,,,,,,,,,,,,,,,,,,,,,,,,,,,,,,,,,,,,,,,,,,,,,,,,,,,,,,,,,,,,,,,,,,,,,,,,,,,,$autocapture,6@qq.com,34e80489-22e5-531b-b877-1e581c04d878,164,http://localhost:5173/brushing?taskId=927f4d82-57cf-4e40-b878-f13101558a80&source=create&userName=olia,web,2026-03-30 03:46:13.099000+00:00
019d3cd5-53d3-787e-a4b9-f35356bd31f4,brushing_started,-480,164,18.5,604.1,896,False,iPhone,False,,phc_JvOxmPdgICJ99RrNk2sSOsqNhVt0HJkw9yAZcvYxl0Y,unset,$direct,019d3cc0-4589-784e-9862-b74704373751,Asia/Shanghai,019d3cd2-9cbd-7c86-881e-68c6077fb418,99,e7885be3-e4b2-435e-a0dd-97d1a06d57f7,zh,localhost:5173,414,zh-CN,1.334.1,019d3cc0-4589-784e-9862-b748d9c86108,False,0,True,http://localhost:5173/brushing?taskId=927f4d82-57cf-4e40-b878-f13101558a80&source=create&userName=olia,019d34c1-1aa6-722e-8668-f477eef75b2a,1800000,2026-03-30T03:19:17.889Z,iOS,896,web,$direct,mobile,414,uxx5rassywcjnxpp,disabled,164,Safari,synchronous,0,/brushing,"Mozilla/5.0 (iPhone; CPU iPhone OS 18_5 like Mac OS X) AppleWebKit/605.1.15 (KHTML, like Gecko) Version/18.5 Mobile/15E148 Safari/604.1",1774840784062,False,False,1774842106.835,2604:a880:4:1d0:0:2:64bd:0,2026-03-30T03:41:49.837Z,Santa Clara,,,,California,CA,United States,US,North America,NA,95054,37.3931,-121.962,20,America/Los_Angeles,Safari,604.1,mobile,http://localhost:5173/brushing?taskId=927f4d82-57cf-4e40-b878-f13101558a80&source=create&userName=olia,/brushing,iOS,18.5,$direct,$direct,896,414,896,414,"Mozilla/5.0 (iPhone; CPU iPhone OS 18_5 like Mac OS X) AppleWebKit/605.1.15 (KHTML, like Gecko) Version/18.5 Mobile/15E148 Safari/604.1",Santa Clara,,,,California,CA,United States,US,North America,NA,95054,37.3931,-121.962,20,America/Los_Angeles,Safari,604.1,mobile,http://localhost:5173/brushing?taskId=927f4d82-57cf-4e40-b878-f13101558a80&source=create&userName=olia,/brushing,iOS,18.5,$direct,$direct,896,414,896,414,"Mozilla/5.0 (iPhone; CPU iPhone OS 18_5 like Mac OS X) AppleWebKit/605.1.15 (KHTML, like Gecko) Version/18.5 Mobile/15E148 Safari/604.1",Santa Clara,United States,US,North America,NA,95054,37.3931,-121.962,20,America/Los_Angeles,CA,California,GeoIP (019be95e-8fc1-0000-693d-22902402a2b8),False,2026-03-30 03:41:47.940000+00:00,296666,164,,2026-03-30 03:41:54.405000+00:00,full,,,create,2026-03-30T03:38:49.070Z,,927f4d82-57cf-4e40-b878-f13101558a80,,,,,,,,,,,,,,,,,,,,,,,,,,,,,,,,,,,,,,,,,,,,,,,,,,,,,,,,,,,,,,,,,,,,,,,,,,,,,,,,,,,,,,,,,,,olia,,,,,,,,,,,,,,,,,,,,,,,,,,,,,,,,,,,,,,,,,,,,,,,,,,,,,,,,,,,,,,,,,,,,,,,,,,,,,,,,,,,,,,,,,,,,,,,,,,,,,,,,,,,,,,,,,,,,,,,,,,,,,,,,,,,,,,,,,,,,,,,,,,,,,,,,,,,,,,,,,,,,,,,,,,,,,,,,,,,,,,,,,,,,,,,,,,brushing_started,6@qq.com,34e80489-22e5-531b-b877-1e581c04d878,164,http://localhost:5173/brushing?taskId=927f4d82-57cf-4e40-b878-f13101558a80&source=create&userName=olia,web,2026-03-30 03:41:47.940000+00:00
019d3cd2-9cbd-7c86-881e-68c6077fb418,$pageview,-480,164,18.5.0,18.5,896,False,iPhone,False,,phc_JvOxmPdgICJ99RrNk2sSOsqNhVt0HJkw9yAZcvYxl0Y,unset,$direct,019d3cc0-4589-784e-9862-b74704373751,Asia/Shanghai,019d3cd2-9cbd-7c86-881e-68c6077fb418,99,e7885be3-e4b2-435e-a0dd-97d1a06d57f7,zh,localhost:5173,414,zh-CN,1.334.1,019d3cc0-4589-784e-9862-b748d9c86108,False,0,True,http://localhost:5173/brushing?taskId=927f4d82-57cf-4e40-b878-f13101558a80&source=create&userName=olia,019d34c1-1aa6-722e-8668-f477eef75b2a,1800000,2026-03-30T03:19:17.889Z,iOS,896,web,$direct,Mobile,414,mcm2e3vx0mdkbzbx,disabled,164,Mobile Safari,synchronous,0,/brushing,"Mozilla/5.0 (iPhone; CPU iPhone OS 18_5 like Mac OS X) AppleWebKit/605.1.15 (KHTML, like Gecko) Version/18.5 Mobile/15E148 Safari/604.1",1774840784062,False,False,1774841928.893,2604:a880:4:1d0:0:2:64bd:0,2026-03-30T03:38:52.511Z,Santa Clara,,,,California,CA,United States,US,North America,NA,95054,37.3931,-121.962,20,America/Los_Angeles,Mobile Safari,18.5,Mobile,http://localhost:5173/brushing?taskId=927f4d82-57cf-4e40-b878-f13101558a80&source=create&userName=olia,/brushing,iOS,18.5.0,$direct,$direct,896,414,896,414,"Mozilla/5.0 (iPhone; CPU iPhone OS 18_5 like Mac OS X) AppleWebKit/605.1.15 (KHTML, like Gecko) Version/18.5 Mobile/15E148 Safari/604.1",Santa Clara,,,,California,CA,United States,US,North America,NA,95054,37.3931,-121.962,20,America/Los_Angeles,Mobile Safari,18.5,Mobile,http://localhost:5173/brushing?taskId=927f4d82-57cf-4e40-b878-f13101558a80&source=create&userName=olia,/brushing,iOS,18.5.0,$direct,$direct,896,414,896,414,"Mozilla/5.0 (iPhone; CPU iPhone OS 18_5 like Mac OS X) AppleWebKit/605.1.15 (KHTML, like Gecko) Version/18.5 Mobile/15E148 Safari/604.1",Santa Clara,United States,US,North America,NA,95054,37.3931,-121.962,20,America/Los_Angeles,CA,California,GeoIP (019be95e-8fc1-0000-693d-22902402a2b8),False,2026-03-30 03:38:50.040000+00:00,296666,164,,2026-03-30 03:38:58.313000+00:00,full,,,,,,,,1,896,1,0,896,/create,1,1,0,222.894,019d3ccf-360f-728b-a81a-d5ee39e0d057,BrushBuddy - Kids Brushing App,,,,,,,,,,,,,,,,,,,,,,,,,,,,,,,,,,,,,,,,,,,,,,,,,,,,,,,,,,,,,,,,,,,,,,,,,,,,,,,,,,,,,,,,,,,,,,,,,,,,,,,,,,,,,,,,,,,,,,,,,,,,,,,,,,,,,,,,,,,,,,,,,,,,,,,,,,,,,,,,,,,,,,,,,,,,,,,,,,,,,,,,,,,,,,,,,,,,,,,,,,,,,,,,,,,,,,,,,,,,,,,,,,,,,,,,,,,,,,,,,,,,,,,,,,,,,,,,,,,,,,,,,,,,,,,,$pageview,6@qq.com,34e80489-22e5-531b-b877-1e581c04d878,164,http://localhost:5173/brushing?taskId=927f4d82-57cf-4e40-b878-f13101558a80&source=create&userName=olia,web,2026-03-30 03:38:50.040000+00:00
019d3cd0-0b78-753f-8239-13b4c3dc16ba,storybook_cover_generated,-480,164,18.5,604.1,896,False,iPhone,False,,phc_JvOxmPdgICJ99RrNk2sSOsqNhVt0HJkw9yAZcvYxl0Y,unset,$direct,019d3cc0-4589-784e-9862-b74704373751,Asia/Shanghai,019d3ccf-360f-728b-a81a-d5ee39e0d057,99,e7885be3-e4b2-435e-a0dd-97d1a06d57f7,zh,localhost:5173,414,zh-CN,1.334.1,019d3cc0-4589-784e-9862-b748d9c86108,False,0,True,http://localhost:5173/create?step=3,019d34c1-1aa6-722e-8668-f477eef75b2a,1800000,2026-03-30T03:19:17.889Z,iOS,896,web,$direct,mobile,414,b6cnwesi98vr9qv2,disabled,164,Safari,synchronous,0,/create,"Mozilla/5.0 (iPhone; CPU iPhone OS 18_5 like Mac OS X) AppleWebKit/605.1.15 (KHTML, like Gecko) Version/18.5 Mobile/15E148 Safari/604.1",1774840784062,False,False,1774841760.632,2604:a880:4:1d0:0:2:64bd:0,2026-03-30T03:36:03.636Z,Santa Clara,,,,California,CA,United States,US,North America,NA,95054,37.3931,-121.962,20,America/Los_Angeles,Safari,604.1,mobile,http://localhost:5173/create?step=3,/create,iOS,18.5,$direct,$direct,896,414,896,414,"Mozilla/5.0 (iPhone; CPU iPhone OS 18_5 like Mac OS X) AppleWebKit/605.1.15 (KHTML, like Gecko) Version/18.5 Mobile/15E148 Safari/604.1",Santa Clara,,,,California,CA,United States,US,North America,NA,95054,37.3931,-121.962,20,America/Los_Angeles,Safari,604.1,mobile,http://localhost:5173/create?step=3,/create,iOS,18.5,$direct,$direct,896,414,896,414,"Mozilla/5.0 (iPhone; CPU iPhone OS 18_5 like Mac OS X) AppleWebKit/605.1.15 (KHTML, like Gecko) Version/18.5 Mobile/15E148 Safari/604.1",Santa Clara,United States,US,North America,NA,95054,37.3931,-121.962,20,America/Los_Angeles,CA,California,GeoIP (019be95e-8fc1-0000-693d-22902402a2b8),False,2026-03-30 03:36:01.757000+00:00,296666,164,,2026-03-30 03:36:07.615000+00:00,full,,,,,,927f4d82-57cf-4e40-b878-f13101558a80,,,,,,,,,,,,,,,,,,,,,,,,,,,,,,,,,,,,,,,,,,,,,,,,,,,,,,,,,,,,,,,,,,,,,,,,,,,,,,,,,,,,,,,,,,,,,,,,,,,,,,,,,,,,,,,,,,,,,,,,,,,,,,,,,,,,,,,,,,,,,,,,,,,,,,,,,,,,,,,,,,,,,,,,,,,,,,,,,,,,,,,,,,,,54756,,,,,,,,,,,,,,,,,,,,,,,,,,,,,,,,,,,,,,,,,,,,,,,,,,,,,,,,,,,,,,,,,,,,,,,,,,,,,,,,,,,,,,,,,,,,,,,,,storybook_cover_generated,6@qq.com,34e80489-22e5-531b-b877-1e581c04d878,164,http://localhost:5173/create?step=3,web,2026-03-30 03:36:01.757000+00:00
019d3cce-e758-7672-bf4e-f7faad9ff96e,$autocapture,-480,164,18.5.0,18.5,896,False,iPhone,False,,phc_JvOxmPdgICJ99RrNk2sSOsqNhVt0HJkw9yAZcvYxl0Y,unset,$direct,019d3cc0-4589-784e-9862-b74704373751,Asia/Shanghai,019d3cce-b604-72cc-8d83-0b7ca40ca726,99,e7885be3-e4b2-435e-a0dd-97d1a06d57f7,zh,localhost:5173,414,zh-CN,1.334.1,019d3cc0-4589-784e-9862-b748d9c86108,False,0,True,http://localhost:5173/create?step=1,019d34c1-1aa6-722e-8668-f477eef75b2a,1800000,2026-03-30T03:19:17.889Z,iOS,896,web,$direct,Mobile,414,70a108kzvwszalmi,disabled,164,Mobile Safari,synchronous,0,/create,"Mozilla/5.0 (iPhone; CPU iPhone OS 18_5 like Mac OS X) AppleWebKit/605.1.15 (KHTML, like Gecko) Version/18.5 Mobile/15E148 Safari/604.1",1774840784062,False,False,1774841685.848,2604:a880:4:1d0:0:2:64bd:0,2026-03-30T03:34:45.909Z,Santa Clara,,,,California,CA,United States,US,North America,NA,95054,37.3931,-121.962,20,America/Los_Angeles,Mobile Safari,18.5,Mobile,http://localhost:5173/create?step=1,/create,iOS,18.5.0,$direct,$direct,896,414,896,414,"Mozilla/5.0 (iPhone; CPU iPhone OS 18_5 like Mac OS X) AppleWebKit/605.1.15 (KHTML, like Gecko) Version/18.5 Mobile/15E148 Safari/604.1",Santa Clara,,,,California,CA,United States,US,North America,NA,95054,37.3931,-121.962,20,America/Los_Angeles,Mobile Safari,18.5,Mobile,http://localhost:5173/create?step=1,/create,iOS,18.5.0,$direct,$direct,896,414,896,414,"Mozilla/5.0 (iPhone; CPU iPhone OS 18_5 like Mac OS X) AppleWebKit/605.1.15 (KHTML, like Gecko) Version/18.5 Mobile/15E148 Safari/604.1",Santa Clara,United States,US,North America,NA,95054,37.3931,-121.962,20,America/Los_Angeles,CA,California,GeoIP (019be95e-8fc1-0000-693d-22902402a2b8),False,2026-03-30 03:35:06.202000+00:00,296666,164,"img.next-button:attr__alt=""Next Step""attr__class=""next-button""attr__data-v-0f5548d4=""""attr__src=""/images/%E5%88%9B%E5%BB%BA%E9%A1%B5/L.png""nth-child=""2""nth-of-type=""1"";div.step-1:attr__class=""step-1""attr__data-v-0f5548d4=""""nth-child=""1""nth-of-type=""1"";div.mobile-wrapper:attr__class=""mobile-wrapper""attr__data-v-0f5548d4=""""nth-child=""1""nth-of-type=""1"";div.create-container:attr__class=""create-container""attr__data-v-0f5548d4=""""attr__data-v-ccff5985=""""nth-child=""1""nth-of-type=""1"";div.content-area.has-top-nav:attr__class=""content-area has-top-nav""attr__data-v-ccff5985=""""nth-child=""2""nth-of-type=""2"";div.main-layout:attr__class=""main-layout""attr__data-v-ccff5985=""""nth-child=""1""nth-of-type=""1"";div:attr__data-v-app=""""attr__id=""app""attr_id=""app""nth-child=""1""nth-of-type=""1"";body:attr__style=""font-size: 24px;""attr__youdao=""bind""nth-child=""3""nth-of-type=""1""",2026-03-30 03:35:09.230000+00:00,full,,,,,,,,,,,,,,,,,,,,click,1,,img,next-button,,,,1,next-button,,,0,,div,step-1,,,,,step-1,,1,1,,div,mobile-wrapper,,,,,mobile-wrapper,,,2,,div,create-container,,,,1,create-container,,,3,,div,content-area,,,,,content-area has-top-nav,"""nth-child=",,4,,div,,,,,,,,5,,div,,,,1,1,,,6,,Next Step,,,,,,,,,,,,1,,,,,,,,,,,,,,,,,,,1,,,,main-layout,main-layout,"""nth-child=",1,"""attr__id=",app,,body,,,,3,1,font-size: 24px;,bind,7,,,,,,,,,,,,,,,,,,,,,,,,,,,,,,,,,,,,,,,,,,,,,,,"""attr__src=",2,"""nth-child=","""nth-child=","""attr__data-v-ccff5985=",has-top-nav,2,,,,,,,,,,,,,,,,,,,,,,,,,,,,,,,,,,,,,,,,,,,,,,,,,,,,,,,,,,,,,,,,,,,,,,,,,,,,,,,,,,,,,,,,,,$autocapture,6@qq.com,34e80489-22e5-531b-b877-1e581c04d878,164,http://localhost:5173/create?step=1,web,2026-03-30 03:35:06.202000+00:00
019d3ccf-360f-728b-a81a-d5ee39e0d057,$pageview,-480,164,18.5.0,18.5,896,False,iPhone,False,,phc_JvOxmPdgICJ99RrNk2sSOsqNhVt0HJkw9yAZcvYxl0Y,unset,$direct,019d3cc0-4589-784e-9862-b74704373751,Asia/Shanghai,019d3ccf-360f-728b-a81a-d5ee39e0d057,98.27,e7885be3-e4b2-435e-a0dd-97d1a06d57f7,zh,localhost:5173,414,zh-CN,1.334.1,019d3cc0-4589-784e-9862-b748d9c86108,False,0,True,http://localhost:5173/create?step=3,019d34c1-1aa6-722e-8668-f477eef75b2a,1800000,2026-03-30T03:19:17.889Z,iOS,896,web,$direct,Mobile,414,ak6ms1qkhozwl8lx,disabled,164,Mobile Safari,synchronous,0,/create,"Mozilla/5.0 (iPhone; CPU iPhone OS 18_5 like Mac OS X) AppleWebKit/605.1.15 (KHTML, like Gecko) Version/18.5 Mobile/15E148 Safari/604.1",1774840784062,False,False,1774841706,2604:a880:4:1d0:0:2:64bd:0,2026-03-30T03:35:07.535Z,Santa Clara,,,,California,CA,United States,US,North America,NA,95054,37.3931,-121.962,20,America/Los_Angeles,Mobile Safari,18.5,Mobile,http://localhost:5173/create?step=3,/create,iOS,18.5.0,$direct,$direct,896,414,896,414,"Mozilla/5.0 (iPhone; CPU iPhone OS 18_5 like Mac OS X) AppleWebKit/605.1.15 (KHTML, like Gecko) Version/18.5 Mobile/15E148 Safari/604.1",Santa Clara,,,,California,CA,United States,US,North America,NA,95054,37.3931,-121.962,20,America/Los_Angeles,Mobile Safari,18.5,Mobile,http://localhost:5173/create?step=3,/create,iOS,18.5.0,$direct,$direct,896,414,896,414,"Mozilla/5.0 (iPhone; CPU iPhone OS 18_5 like Mac OS X) AppleWebKit/605.1.15 (KHTML, like Gecko) Version/18.5 Mobile/15E148 Safari/604.1",Santa Clara,United States,US,North America,NA,95054,37.3931,-121.962,20,America/Los_Angeles,CA,California,GeoIP (019be95e-8fc1-0000-693d-22902402a2b8),False,2026-03-30 03:35:06.144000+00:00,296666,164,,2026-03-30 03:35:11.665000+00:00,full,,,,,,,,1,896,1,0,896,/create,1,1,0,4.64,019d3ccf-23ef-7cdf-b3f2-89d09da606b6,BrushBuddy - Kids Brushing App,,,,,,,,,,,,,,,,,,,,,,,,,,,,,,,,,,,,,,,,,,,,,,,,,,,,,,,,,,,,,,,,,,,,,,,,,,,,,,,,,,,,,,,,,,,,,,,,,,,,,,,,,,,,,,,,,,,,,,,,,,,,,,,,,,,,,,,,,,,,,,,,,,,,,,,,,,,,,,,,,,,,,,,,,,,,,,,,,,,,,,,,,,,,,,,,,,,,,,,,,,,,,,,,,,,,,,,,,,,,,,,,,,,,,,,,,,,,,,,,,,,,,,,,,,,,,,,,,,,,,,,,,,,,,,,,$pageview,6@qq.com,34e80489-22e5-531b-b877-1e581c04d878,164,http://localhost:5173/create?step=3,web,2026-03-30 03:35:06.144000+00:00
019d3ccf-2ee8-7c93-b0d2-91c3d7dd1de5,$autocapture,-480,164,18.5.0,18.5,896,False,iPhone,False,,phc_JvOxmPdgICJ99RrNk2sSOsqNhVt0HJkw9yAZcvYxl0Y,unset,$direct,019d3cc0-4589-784e-9862-b74704373751,Asia/Shanghai,019d3ccf-23ef-7cdf-b3f2-89d09da606b6,99,e7885be3-e4b2-435e-a0dd-97d1a06d57f7,zh,localhost:5173,414,zh-CN,1.334.1,019d3cc0-4589-784e-9862-b748d9c86108,False,0,True,http://localhost:5173/create?step=2,019d34c1-1aa6-722e-8668-f477eef75b2a,1800000,2026-03-30T03:19:17.889Z,iOS,896,web,$direct,Mobile,414,3uleo4ev6fmmnbzd,disabled,164,Mobile Safari,synchronous,0,/create,"Mozilla/5.0 (iPhone; CPU iPhone OS 18_5 like Mac OS X) AppleWebKit/605.1.15 (KHTML, like Gecko) Version/18.5 Mobile/15E148 Safari/604.1",1774840784062,False,False,1774841704.168,2604:a880:4:1d0:0:2:64bd:0,2026-03-30T03:35:04.355Z,Santa Clara,,,,California,CA,United States,US,North America,NA,95054,37.3931,-121.962,20,America/Los_Angeles,Mobile Safari,18.5,Mobile,http://localhost:5173/create?step=2,/create,iOS,18.5.0,$direct,$direct,896,414,896,414,"Mozilla/5.0 (iPhone; CPU iPhone OS 18_5 like Mac OS X) AppleWebKit/605.1.15 (KHTML, like Gecko) Version/18.5 Mobile/15E148 Safari/604.1",Santa Clara,,,,California,CA,United States,US,North America,NA,95054,37.3931,-121.962,20,America/Los_Angeles,Mobile Safari,18.5,Mobile,http://localhost:5173/create?step=2,/create,iOS,18.5.0,$direct,$direct,896,414,896,414,"Mozilla/5.0 (iPhone; CPU iPhone OS 18_5 like Mac OS X) AppleWebKit/605.1.15 (KHTML, like Gecko) Version/18.5 Mobile/15E148 Safari/604.1",Santa Clara,United States,US,North America,NA,95054,37.3931,-121.962,20,America/Los_Angeles,CA,California,GeoIP (019be95e-8fc1-0000-693d-22902402a2b8),False,2026-03-30 03:35:06.076000+00:00,296666,164,"span.theme-name:attr__class=""theme-name""attr__data-v-0f5548d4=""""nth-child=""2""nth-of-type=""1""text=""Magic Kingdom"";div.theme-option:attr__aria-label=""Select Magic Kingdom theme""attr__aria-pressed=""false""attr__class=""theme-option""attr__data-v-0f5548d4=""""attr__role=""button""attr__tabindex=""0""nth-child=""2""nth-of-type=""2"";div.theme-options:attr__class=""theme-options""attr__data-v-0f5548d4=""""nth-child=""1""nth-of-type=""1"";div.theme-scroll-area:attr__class=""theme-scroll-area""attr__data-v-0f5548d4=""""nth-child=""1""nth-of-type=""1"";div.step-2-container:attr__class=""step-2-container""attr__data-v-0f5548d4=""""nth-child=""1""nth-of-type=""1"";div.mobile-wrapper:attr__class=""mobile-wrapper""attr__data-v-0f5548d4=""""nth-child=""1""nth-of-type=""1"";div.create-container:attr__class=""create-container""attr__data-v-0f5548d4=""""attr__data-v-ccff5985=""""nth-child=""1""nth-of-type=""1"";div.content-area.has-top-nav:attr__class=""content-area has-top-nav""attr__data-v-ccff5985=""""nth-child=""2""nth-of-type=""2"";div.main-layout:attr__class=""main-layout""attr__data-v-ccff5985=""""nth-child=""1""nth-of-type=""1"";div:attr__data-v-app=""""attr__id=""app""attr_id=""app""nth-child=""1""nth-of-type=""1"";body:attr__style=""font-size: 24px;""attr__youdao=""bind""nth-child=""3""nth-of-type=""1""",2026-03-30 03:35:09.185000+00:00,full,,,,,,,,,,,,,,,,,,,,click,1,Magic Kingdom,span,theme-name,,,,,theme-name,,1,0,,div,theme-option,,,2,2,theme-option,,,1,,div,theme-options,,,,,theme-options,,,2,,div,theme-scroll-area,,,,,theme-scroll-area,,1,3,,div,step-2-container,,,,,step-2-container,,1,4,,div,,,,,,,,5,,div,,,,,1,,,6,,,,,,,,Magic Kingdom,,,,,,1,,,,,,,,,,,,,,,,,,,,,,,mobile-wrapper,mobile-wrapper,,1,,,,div,,,,,,,,7,,,,,,,,,,,,,,,,,,,,,,,,,,,,,,create-container,create-container,,,,,,div,,,,,,,,8,,"""nth-child=",,"""attr__role=","""nth-child=","""nth-child=",,,Select Magic Kingdom theme,false,0,"""nth-child=","""nth-child=","""attr__data-v-ccff5985=",1,content-area,has-top-nav,content-area has-top-nav,"""nth-child=",2,main-layout,main-layout,"""nth-child=",1,,div,,,,1,1,"""attr__id=",app,9,,body,,,,3,1,font-size: 24px;,bind,10,,,,,,,,,,,,,,,,,,,,,,,,,,,,,,,,,,,,,,,,,,,,,,,,,,,,,,$autocapture,6@qq.com,34e80489-22e5-531b-b877-1e581c04d878,164,http://localhost:5173/create?step=2,web,2026-03-30 03:35:06.076000+00:00
019d3ccf-3592-7377-b4a9-f47142dbad43,storybook_step2_completed,-480,164,18.5,604.1,896,False,iPhone,False,,phc_JvOxmPdgICJ99RrNk2sSOsqNhVt0HJkw9yAZcvYxl0Y,unset,$direct,019d3cc0-4589-784e-9862-b74704373751,Asia/Shanghai,019d3ccf-23ef-7cdf-b3f2-89d09da606b6,98.02,e7885be3-e4b2-435e-a0dd-97d1a06d57f7,zh,localhost:5173,414,zh-CN,1.334.1,019d3cc0-4589-784e-9862-b748d9c86108,False,0,True,http://localhost:5173/create?step=2,019d34c1-1aa6-722e-8668-f477eef75b2a,1800000,2026-03-30T03:19:17.889Z,iOS,896,web,$direct,mobile,414,mkaqshf2ooc2ftoj,disabled,164,Safari,synchronous,0,/create,"Mozilla/5.0 (iPhone; CPU iPhone OS 18_5 like Mac OS X) AppleWebKit/605.1.15 (KHTML, like Gecko) Version/18.5 Mobile/15E148 Safari/604.1",1774840784062,False,False,1774841705.875,2604:a880:4:1d0:0:2:64bd:0,2026-03-30T03:35:07.535Z,Santa Clara,,,,California,CA,United States,US,North America,NA,95054,37.3931,-121.962,20,America/Los_Angeles,Safari,604.1,mobile,http://localhost:5173/create?step=2,/create,iOS,18.5,$direct,$direct,896,414,896,414,"Mozilla/5.0 (iPhone; CPU iPhone OS 18_5 like Mac OS X) AppleWebKit/605.1.15 (KHTML, like Gecko) Version/18.5 Mobile/15E148 Safari/604.1",Santa Clara,,,,California,CA,United States,US,North America,NA,95054,37.3931,-121.962,20,America/Los_Angeles,Safari,604.1,mobile,http://localhost:5173/create?step=2,/create,iOS,18.5,$direct,$direct,896,414,896,414,"Mozilla/5.0 (iPhone; CPU iPhone OS 18_5 like Mac OS X) AppleWebKit/605.1.15 (KHTML, like Gecko) Version/18.5 Mobile/15E148 Safari/604.1",Santa Clara,United States,US,North America,NA,95054,37.3931,-121.962,20,America/Los_Angeles,CA,California,GeoIP (019be95e-8fc1-0000-693d-22902402a2b8),False,2026-03-30 03:35:06.019000+00:00,296666,164,,2026-03-30 03:35:11.624000+00:00,full,,,,,,,,,,,,,,,,,,,,,,,,,,,,,,,,,,,,,,,,,,,,,,,,,,,,,,,,,,,,,,,,,,,,,,,,,,,,,,,,,,,,,,,,,,,,,,,,,,,,,,,,,,,,,,,,,,,,,,,,,,,,,,,,,,,,,,,,,,,,,,,,,,,,,,,,,,,,,,,,,,,,,,,,,,,,,,,,,,,,,,,,,,,,,,,,,,,,,,,,,,,,,,,,,,,,,,,,,,,,,,,,,,,,,,,,,,,,,,Super Hero,1,,,,,,,,,,,,,,,,,,,,,,,,,,,,,,,,,,,,,,,,,,,,,,,,,,,,storybook_step2_completed,6@qq.com,34e80489-22e5-531b-b877-1e581c04d878,164,http://localhost:5173/create?step=2,web,2026-03-30 03:35:06.019000+00:00
019d3ccf-3591-744b-a737-f9e3c831e309,$autocapture,-480,164,18.5.0,18.5,896,False,iPhone,False,,phc_JvOxmPdgICJ99RrNk2sSOsqNhVt0HJkw9yAZcvYxl0Y,unset,$direct,019d3cc0-4589-784e-9862-b74704373751,Asia/Shanghai,019d3ccf-23ef-7cdf-b3f2-89d09da606b6,99,e7885be3-e4b2-435e-a0dd-97d1a06d57f7,zh,localhost:5173,414,zh-CN,1.334.1,019d3cc0-4589-784e-9862-b748d9c86108,False,0,True,http://localhost:5173/create?step=2,019d34c1-1aa6-722e-8668-f477eef75b2a,1800000,2026-03-30T03:19:17.889Z,iOS,896,web,$direct,Mobile,414,8jaa4rjm0rse3mvr,disabled,164,Mobile Safari,synchronous,0,/create,"Mozilla/5.0 (iPhone; CPU iPhone OS 18_5 like Mac OS X) AppleWebKit/605.1.15 (KHTML, like Gecko) Version/18.5 Mobile/15E148 Safari/604.1",1774840784062,False,False,1774841705.873,2604:a880:4:1d0:0:2:64bd:0,2026-03-30T03:35:07.535Z,Santa Clara,,,,California,CA,United States,US,North America,NA,95054,37.3931,-121.962,20,America/Los_Angeles,Mobile Safari,18.5,Mobile,http://localhost:5173/create?step=2,/create,iOS,18.5.0,$direct,$direct,896,414,896,414,"Mozilla/5.0 (iPhone; CPU iPhone OS 18_5 like Mac OS X) AppleWebKit/605.1.15 (KHTML, like Gecko) Version/18.5 Mobile/15E148 Safari/604.1",Santa Clara,,,,California,CA,United States,US,North America,NA,95054,37.3931,-121.962,20,America/Los_Angeles,Mobile Safari,18.5,Mobile,http://localhost:5173/create?step=2,/create,iOS,18.5.0,$direct,$direct,896,414,896,414,"Mozilla/5.0 (iPhone; CPU iPhone OS 18_5 like Mac OS X) AppleWebKit/605.1.15 (KHTML, like Gecko) Version/18.5 Mobile/15E148 Safari/604.1",Santa Clara,United States,US,North America,NA,95054,37.3931,-121.962,20,America/Los_Angeles,CA,California,GeoIP (019be95e-8fc1-0000-693d-22902402a2b8),False,2026-03-30 03:35:06.018000+00:00,296666,164,"img.next-button:attr__alt=""Next""attr__class=""next-button""attr__data-v-0f5548d4=""""attr__src=""/images/%E5%88%9B%E5%BB%BA%E9%A1%B5/next23.png""nth-child=""1""nth-of-type=""1"";div.next-button-area:attr__class=""next-button-area""attr__data-v-0f5548d4=""""nth-child=""2""nth-of-type=""2"";div.step-2-container:attr__class=""step-2-container""attr__data-v-0f5548d4=""""nth-child=""1""nth-of-type=""1"";div.mobile-wrapper:attr__class=""mobile-wrapper""attr__data-v-0f5548d4=""""nth-child=""1""nth-of-type=""1"";div.create-container:attr__class=""create-container""attr__data-v-0f5548d4=""""attr__data-v-ccff5985=""""nth-child=""1""nth-of-type=""1"";div.content-area.has-top-nav:attr__class=""content-area has-top-nav""attr__data-v-ccff5985=""""nth-child=""2""nth-of-type=""2"";div.main-layout:attr__class=""main-layout""attr__data-v-ccff5985=""""nth-child=""1""nth-of-type=""1"";div:attr__data-v-app=""""attr__id=""app""attr_id=""app""nth-child=""1""nth-of-type=""1"";body:attr__style=""font-size: 24px;""attr__youdao=""bind""nth-child=""3""nth-of-type=""1""",2026-03-30 03:35:11.555000+00:00,full,,,,,,,,,,,,,,,,,,,,click,1,,img,next-button,,,,1,next-button,,,0,,div,next-button-area,,,,,next-button-area,,,1,,div,step-2-container,,,,,step-2-container,,,2,,div,mobile-wrapper,,,,,mobile-wrapper,,1,3,,div,create-container,,,,1,create-container,,,4,,div,,,,,,,,5,,div,,,,,,,,6,,Next,,,,,,,,,,,,1,,,,,,,,,,,,,,,,,,,,,2,,content-area,content-area has-top-nav,"""nth-child=",,,,,div,,,,1,1,,,7,,,,,,,,,,,,,,,,,,,,,,,,,,,,,1,main-layout,main-layout,"""nth-child=",1,"""attr__id=",app,,body,,,,3,1,font-size: 24px;,bind,8,,"""attr__src=",,"""nth-child=","""nth-child=","""nth-child=",,,,,,"""attr__data-v-ccff5985=",,,,,,,,,,,,,,,,,,,,,,,,,,,,,,,,,,,1,has-top-nav,2,,,,,,,,,,,,,,,,,,,,,,,,,,,,,,,,,,,,,,,,,,,,,,,,,$autocapture,6@qq.com,34e80489-22e5-531b-b877-1e581c04d878,164,http://localhost:5173/create?step=2,web,2026-03-30 03:35:06.018000+00:00
019d3ccf-2d80-771a-9f72-ad99e74a823a,$autocapture,-480,164,18.5.0,18.5,896,False,iPhone,False,,phc_JvOxmPdgICJ99RrNk2sSOsqNhVt0HJkw9yAZcvYxl0Y,unset,$direct,019d3cc0-4589-784e-9862-b74704373751,Asia/Shanghai,019d3ccf-23ef-7cdf-b3f2-89d09da606b6,99,e7885be3-e4b2-435e-a0dd-97d1a06d57f7,zh,localhost:5173,414,zh-CN,1.334.1,019d3cc0-4589-784e-9862-b748d9c86108,False,0,True,http://localhost:5173/create?step=2,019d34c1-1aa6-722e-8668-f477eef75b2a,1800000,2026-03-30T03:19:17.889Z,iOS,896,web,$direct,Mobile,414,c0ru5sgna1ux7ay5,disabled,164,Mobile Safari,synchronous,0,/create,"Mozilla/5.0 (iPhone; CPU iPhone OS 18_5 like Mac OS X) AppleWebKit/605.1.15 (KHTML, like Gecko) Version/18.5 Mobile/15E148 Safari/604.1",1774840784062,False,False,1774841703.808,2604:a880:4:1d0:0:2:64bd:0,2026-03-30T03:35:04.355Z,Santa Clara,,,,California,CA,United States,US,North America,NA,95054,37.3931,-121.962,20,America/Los_Angeles,Mobile Safari,18.5,Mobile,http://localhost:5173/create?step=2,/create,iOS,18.5.0,$direct,$direct,896,414,896,414,"Mozilla/5.0 (iPhone; CPU iPhone OS 18_5 like Mac OS X) AppleWebKit/605.1.15 (KHTML, like Gecko) Version/18.5 Mobile/15E148 Safari/604.1",Santa Clara,,,,California,CA,United States,US,North America,NA,95054,37.3931,-121.962,20,America/Los_Angeles,Mobile Safari,18.5,Mobile,http://localhost:5173/create?step=2,/create,iOS,18.5.0,$direct,$direct,896,414,896,414,"Mozilla/5.0 (iPhone; CPU iPhone OS 18_5 like Mac OS X) AppleWebKit/605.1.15 (KHTML, like Gecko) Version/18.5 Mobile/15E148 Safari/604.1",Santa Clara,United States,US,North America,NA,95054,37.3931,-121.962,20,America/Los_Angeles,CA,California,GeoIP (019be95e-8fc1-0000-693d-22902402a2b8),False,2026-03-30 03:35:05.716000+00:00,296666,164,"span.theme-name:attr__class=""theme-name""attr__data-v-0f5548d4=""""nth-child=""2""nth-of-type=""1""text=""Jungle Safari"";div.theme-option:attr__aria-label=""Select Jungle Safari theme""attr__aria-pressed=""false""attr__class=""theme-option""attr__data-v-0f5548d4=""""attr__role=""button""attr__tabindex=""0""nth-child=""3""nth-of-type=""3"";div.theme-options:attr__class=""theme-options""attr__data-v-0f5548d4=""""nth-child=""1""nth-of-type=""1"";div.theme-scroll-area:attr__class=""theme-scroll-area""attr__data-v-0f5548d4=""""nth-child=""1""nth-of-type=""1"";div.step-2-container:attr__class=""step-2-container""attr__data-v-0f5548d4=""""nth-child=""1""nth-of-type=""1"";div.mobile-wrapper:attr__class=""mobile-wrapper""attr__data-v-0f5548d4=""""nth-child=""1""nth-of-type=""1"";div.create-container:attr__class=""create-container""attr__data-v-0f5548d4=""""attr__data-v-ccff5985=""""nth-child=""1""nth-of-type=""1"";div.content-area.has-top-nav:attr__class=""content-area has-top-nav""attr__data-v-ccff5985=""""nth-child=""2""nth-of-type=""2"";div.main-layout:attr__class=""main-layout""attr__data-v-ccff5985=""""nth-child=""1""nth-of-type=""1"";div:attr__data-v-app=""""attr__id=""app""attr_id=""app""nth-child=""1""nth-of-type=""1"";body:attr__style=""font-size: 24px;""attr__youdao=""bind""nth-child=""3""nth-of-type=""1""",2026-03-30 03:35:09.042000+00:00,full,,,,,,,,,,,,,,,,,,,,click,1,Jungle Safari,span,theme-name,,,,,theme-name,,1,0,,div,theme-option,,,3,3,theme-option,,,1,,div,theme-options,,,,,theme-options,,,2,,div,theme-scroll-area,,,,,theme-scroll-area,,1,3,,div,step-2-container,,,,,step-2-container,,1,4,,div,,,,,,,,5,,div,,,,,1,,,6,,,,,,,,Jungle Safari,,,,,,1,,,,,,,,,,,,,,,,,,,,,,,mobile-wrapper,mobile-wrapper,,1,,,,div,,,,,,,,7,,,,,,,,,,,,,,,,,,,,,,,,,,,,,,create-container,create-container,,,,,,div,,,,,,,,8,,"""nth-child=",,"""attr__role=","""nth-child=","""nth-child=",,,Select Jungle Safari theme,false,0,"""nth-child=","""nth-child=","""attr__data-v-ccff5985=",1,content-area,has-top-nav,content-area has-top-nav,"""nth-child=",2,main-layout,main-layout,"""nth-child=",1,,div,,,,1,1,"""attr__id=",app,9,,body,,,,3,1,font-size: 24px;,bind,10,,,,,,,,,,,,,,,,,,,,,,,,,,,,,,,,,,,,,,,,,,,,,,,,,,,,,,$autocapture,6@qq.com,34e80489-22e5-531b-b877-1e581c04d878,164,http://localhost:5173/create?step=2,web,2026-03-30 03:35:05.716000+00:00
019d3cce-e4bb-70f9-9708-302324d1148f,$autocapture,-480,164,18.5.0,18.5,896,False,iPhone,False,,phc_JvOxmPdgICJ99RrNk2sSOsqNhVt0HJkw9yAZcvYxl0Y,unset,$direct,019d3cc0-4589-784e-9862-b74704373751,Asia/Shanghai,019d3cce-b604-72cc-8d83-0b7ca40ca726,99,e7885be3-e4b2-435e-a0dd-97d1a06d57f7,zh,localhost:5173,414,zh-CN,1.334.1,019d3cc0-4589-784e-9862-b748d9c86108,False,0,True,http://localhost:5173/create?step=1,019d34c1-1aa6-722e-8668-f477eef75b2a,1800000,2026-03-30T03:19:17.889Z,iOS,896,web,$direct,Mobile,414,jdoz4816kqirl06d,disabled,164,Mobile Safari,synchronous,0,/create,"Mozilla/5.0 (iPhone; CPU iPhone OS 18_5 like Mac OS X) AppleWebKit/605.1.15 (KHTML, like Gecko) Version/18.5 Mobile/15E148 Safari/604.1",1774840784062,False,False,1774841685.179,2604:a880:4:1d0:0:2:64bd:0,2026-03-30T03:34:45.909Z,Santa Clara,,,,California,CA,United States,US,North America,NA,95054,37.3931,-121.962,20,America/Los_Angeles,Mobile Safari,18.5,Mobile,http://localhost:5173/create?step=1,/create,iOS,18.5.0,$direct,$direct,896,414,896,414,"Mozilla/5.0 (iPhone; CPU iPhone OS 18_5 like Mac OS X) AppleWebKit/605.1.15 (KHTML, like Gecko) Version/18.5 Mobile/15E148 Safari/604.1",Santa Clara,,,,California,CA,United States,US,North America,NA,95054,37.3931,-121.962,20,America/Los_Angeles,Mobile Safari,18.5,Mobile,http://localhost:5173/create?step=1,/create,iOS,18.5.0,$direct,$direct,896,414,896,414,"Mozilla/5.0 (iPhone; CPU iPhone OS 18_5 like Mac OS X) AppleWebKit/605.1.15 (KHTML, like Gecko) Version/18.5 Mobile/15E148 Safari/604.1",Santa Clara,United States,US,North America,NA,95054,37.3931,-121.962,20,America/Los_Angeles,CA,California,GeoIP (019be95e-8fc1-0000-693d-22902402a2b8),False,2026-03-30 03:35:05.533000+00:00,296666,164,"div.dropdown-item:attr__class=""dropdown-item""attr__data-v-0f5548d4=""""nth-child=""4""nth-of-type=""4""text=""4 years old"";div.dropdown-menu.dropdown-menu-age:attr__class=""dropdown-menu dropdown-menu-age""attr__data-v-0f5548d4=""""nth-child=""3""nth-of-type=""2"";div.input-group:attr__class=""input-group""attr__data-v-0f5548d4=""""nth-child=""4""nth-of-type=""4"";div.main-content:attr__class=""main-content""attr__data-v-0f5548d4=""""nth-child=""1""nth-of-type=""1"";div.step-1:attr__class=""step-1""attr__data-v-0f5548d4=""""nth-child=""1""nth-of-type=""1"";div.mobile-wrapper:attr__class=""mobile-wrapper""attr__data-v-0f5548d4=""""nth-child=""1""nth-of-type=""1"";div.create-container:attr__class=""create-container""attr__data-v-0f5548d4=""""attr__data-v-ccff5985=""""nth-child=""1""nth-of-type=""1"";div.content-area.has-top-nav:attr__class=""content-area has-top-nav""attr__data-v-ccff5985=""""nth-child=""2""nth-of-type=""2"";div.main-layout:attr__class=""main-layout""attr__data-v-ccff5985=""""nth-child=""1""nth-of-type=""1"";div:attr__data-v-app=""""attr__id=""app""attr_id=""app""nth-child=""1""nth-of-type=""1"";body:attr__style=""font-size: 24px;""attr__youdao=""bind""nth-child=""3""nth-of-type=""1""",2026-03-30 03:35:09.222000+00:00,full,,,,,,,,,,,,,,,,,,,,click,1,4 years old,div,dropdown-item,,,,,dropdown-item,,,0,,div,dropdown-menu,,,,,dropdown-menu dropdown-menu-age,,,1,,div,input-group,,,,,input-group,,,2,,div,main-content,,,,,main-content,,1,3,,div,step-1,,,,,step-1,,1,4,,div,,,,,,,,5,,div,,,,,1,,,6,,,,,,,,4 years old,,,,,,,,,,,,,,,,,,,,,,,,,,,,,mobile-wrapper,mobile-wrapper,,1,,,,div,,,,,,,,7,,,,,,,,,,,,,,,,,,,,,,,,,,,,,,create-container,create-container,,,,,,div,,,,,,,,8,,"""nth-child=",,"""nth-child=","""nth-child=","""nth-child=",,,,,,"""nth-child=","""nth-child=","""attr__data-v-ccff5985=",1,content-area,has-top-nav,content-area has-top-nav,"""nth-child=",2,main-layout,main-layout,"""nth-child=",1,,div,,,,1,1,"""attr__id=",app,9,,body,,,,3,1,font-size: 24px;,bind,10,,,,,,4,dropdown-menu-age,2,4,,,,,,,,,,,,,,,,,,,,,,,,,,,,,,,,,,,,,,,,,,,,,$autocapture,6@qq.com,34e80489-22e5-531b-b877-1e581c04d878,164,http://localhost:5173/create?step=1,web,2026-03-30 03:35:05.533000+00:00
019d3ccf-304a-77da-9ba2-74fe1eca6dfe,$autocapture,-480,164,18.5.0,18.5,896,False,iPhone,False,,phc_JvOxmPdgICJ99RrNk2sSOsqNhVt0HJkw9yAZcvYxl0Y,unset,$direct,019d3cc0-4589-784e-9862-b74704373751,Asia/Shanghai,019d3ccf-23ef-7cdf-b3f2-89d09da606b6,99,e7885be3-e4b2-435e-a0dd-97d1a06d57f7,zh,localhost:5173,414,zh-CN,1.334.1,019d3cc0-4589-784e-9862-b748d9c86108,False,0,True,http://localhost:5173/create?step=2,019d34c1-1aa6-722e-8668-f477eef75b2a,1800000,2026-03-30T03:19:17.889Z,iOS,896,web,$direct,Mobile,414,kbx4d742vffaij77,disabled,164,Mobile Safari,synchronous,0,/create,"Mozilla/5.0 (iPhone; CPU iPhone OS 18_5 like Mac OS X) AppleWebKit/605.1.15 (KHTML, like Gecko) Version/18.5 Mobile/15E148 Safari/604.1",1774840784062,False,False,1774841704.523,2604:a880:4:1d0:0:2:64bd:0,2026-03-30T03:35:07.535Z,Santa Clara,,,,California,CA,United States,US,North America,NA,95054,37.3931,-121.962,20,America/Los_Angeles,Mobile Safari,18.5,Mobile,http://localhost:5173/create?step=2,/create,iOS,18.5.0,$direct,$direct,896,414,896,414,"Mozilla/5.0 (iPhone; CPU iPhone OS 18_5 like Mac OS X) AppleWebKit/605.1.15 (KHTML, like Gecko) Version/18.5 Mobile/15E148 Safari/604.1",Santa Clara,,,,California,CA,United States,US,North America,NA,95054,37.3931,-121.962,20,America/Los_Angeles,Mobile Safari,18.5,Mobile,http://localhost:5173/create?step=2,/create,iOS,18.5.0,$direct,$direct,896,414,896,414,"Mozilla/5.0 (iPhone; CPU iPhone OS 18_5 like Mac OS X) AppleWebKit/605.1.15 (KHTML, like Gecko) Version/18.5 Mobile/15E148 Safari/604.1",Santa Clara,United States,US,North America,NA,95054,37.3931,-121.962,20,America/Los_Angeles,CA,California,GeoIP (019be95e-8fc1-0000-693d-22902402a2b8),False,2026-03-30 03:35:04.667000+00:00,296666,164,"div.theme-option:attr__aria-label=""Select Super Hero theme""attr__aria-pressed=""false""attr__class=""theme-option""attr__data-v-0f5548d4=""""attr__role=""button""attr__tabindex=""0""nth-child=""1""nth-of-type=""1"";div.theme-options:attr__class=""theme-options""attr__data-v-0f5548d4=""""nth-child=""1""nth-of-type=""1"";div.theme-scroll-area:attr__class=""theme-scroll-area""attr__data-v-0f5548d4=""""nth-child=""1""nth-of-type=""1"";div.step-2-container:attr__class=""step-2-container""attr__data-v-0f5548d4=""""nth-child=""1""nth-of-type=""1"";div.mobile-wrapper:attr__class=""mobile-wrapper""attr__data-v-0f5548d4=""""nth-child=""1""nth-of-type=""1"";div.create-container:attr__class=""create-container""attr__data-v-0f5548d4=""""attr__data-v-ccff5985=""""nth-child=""1""nth-of-type=""1"";div.content-area.has-top-nav:attr__class=""content-area has-top-nav""attr__data-v-ccff5985=""""nth-child=""2""nth-of-type=""2"";div.main-layout:attr__class=""main-layout""attr__data-v-ccff5985=""""nth-child=""1""nth-of-type=""1"";div:attr__data-v-app=""""attr__id=""app""attr_id=""app""nth-child=""1""nth-of-type=""1"";body:attr__style=""font-size: 24px;""attr__youdao=""bind""nth-child=""3""nth-of-type=""1""",2026-03-30 03:35:11.408000+00:00,full,,,,,,,,,,,,,,,,,,,,click,1,,div,theme-option,,,1,1,theme-option,,,0,,div,theme-options,,,,,theme-options,,1,1,,div,theme-scroll-area,,,,,theme-scroll-area,,,2,,div,step-2-container,,,,,step-2-container,,1,3,,div,mobile-wrapper,,,,,mobile-wrapper,,1,4,,div,,,,,1,,,5,,div,,,,,,,,6,,,,,,,,,,,,,,1,,,,,,,,,,,,,,,,,,,,,,,create-container,create-container,,,,,,div,,,,,,,,7,,,,,,,,,,,,,,,,,,,,,,,,,,,,,,content-area,content-area has-top-nav,"""nth-child=",,,,,div,,,,1,1,,,8,,"""attr__role=",,"""nth-child=","""nth-child=","""nth-child=",,,,,,"""nth-child=","""attr__data-v-ccff5985=",,,main-layout,,main-layout,"""nth-child=",,,,,,,body,,,,3,1,,,9,,,,,,,,,,,,,,,,,,,,Select Super Hero theme,false,0,1,has-top-nav,2,1,"""attr__id=",app,font-size: 24px;,bind,,,,,,,,,,,,,,,,,,,,,,,,,,,,,,,,,,$autocapture,6@qq.com,34e80489-22e5-531b-b877-1e581c04d878,164,http://localhost:5173/create?step=2,web,2026-03-30 03:35:04.667000+00:00
019d3cce-e0c5-73c0-a8e4-d78e98c55e57,$autocapture,-480,164,18.5.0,18.5,896,False,iPhone,False,,phc_JvOxmPdgICJ99RrNk2sSOsqNhVt0HJkw9yAZcvYxl0Y,unset,$direct,019d3cc0-4589-784e-9862-b74704373751,Asia/Shanghai,019d3cce-b604-72cc-8d83-0b7ca40ca726,99,e7885be3-e4b2-435e-a0dd-97d1a06d57f7,zh,localhost:5173,414,zh-CN,1.334.1,019d3cc0-4589-784e-9862-b748d9c86108,False,0,True,http://localhost:5173/create?step=1,019d34c1-1aa6-722e-8668-f477eef75b2a,1800000,2026-03-30T03:19:17.889Z,iOS,896,web,$direct,Mobile,414,m4m7sjogur1t0477,disabled,164,Mobile Safari,synchronous,0,/create,"Mozilla/5.0 (iPhone; CPU iPhone OS 18_5 like Mac OS X) AppleWebKit/605.1.15 (KHTML, like Gecko) Version/18.5 Mobile/15E148 Safari/604.1",1774840784062,False,False,1774841684.165,2604:a880:4:1d0:0:2:64bd:0,2026-03-30T03:34:45.909Z,Santa Clara,,,,California,CA,United States,US,North America,NA,95054,37.3931,-121.962,20,America/Los_Angeles,Mobile Safari,18.5,Mobile,http://localhost:5173/create?step=1,/create,iOS,18.5.0,$direct,$direct,896,414,896,414,"Mozilla/5.0 (iPhone; CPU iPhone OS 18_5 like Mac OS X) AppleWebKit/605.1.15 (KHTML, like Gecko) Version/18.5 Mobile/15E148 Safari/604.1",Santa Clara,,,,California,CA,United States,US,North America,NA,95054,37.3931,-121.962,20,America/Los_Angeles,Mobile Safari,18.5,Mobile,http://localhost:5173/create?step=1,/create,iOS,18.5.0,$direct,$direct,896,414,896,414,"Mozilla/5.0 (iPhone; CPU iPhone OS 18_5 like Mac OS X) AppleWebKit/605.1.15 (KHTML, like Gecko) Version/18.5 Mobile/15E148 Safari/604.1",Santa Clara,United States,US,North America,NA,95054,37.3931,-121.962,20,America/Los_Angeles,CA,California,GeoIP (019be95e-8fc1-0000-693d-22902402a2b8),False,2026-03-30 03:35:04.519000+00:00,296666,164,"div.select-box:attr__class=""select-box""attr__data-v-0f5548d4=""""nth-child=""2""nth-of-type=""1"";div.input-group:attr__class=""input-group""attr__data-v-0f5548d4=""""nth-child=""4""nth-of-type=""4"";div.main-content:attr__class=""main-content""attr__data-v-0f5548d4=""""nth-child=""1""nth-of-type=""1"";div.step-1:attr__class=""step-1""attr__data-v-0f5548d4=""""nth-child=""1""nth-of-type=""1"";div.mobile-wrapper:attr__class=""mobile-wrapper""attr__data-v-0f5548d4=""""nth-child=""1""nth-of-type=""1"";div.create-container:attr__class=""create-container""attr__data-v-0f5548d4=""""attr__data-v-ccff5985=""""nth-child=""1""nth-of-type=""1"";div.content-area.has-top-nav:attr__class=""content-area has-top-nav""attr__data-v-ccff5985=""""nth-child=""2""nth-of-type=""2"";div.main-layout:attr__class=""main-layout""attr__data-v-ccff5985=""""nth-child=""1""nth-of-type=""1"";div:attr__data-v-app=""""attr__id=""app""attr_id=""app""nth-child=""1""nth-of-type=""1"";body:attr__style=""font-size: 24px;""attr__youdao=""bind""nth-child=""3""nth-of-type=""1""",2026-03-30 03:35:09.210000+00:00,full,,,,,,,,,,,,,,,,,,,,click,1,,div,select-box,,,,,select-box,,1,0,,div,input-group,,,,,input-group,,,1,,div,main-content,,,,,main-content,,,2,,div,step-1,,,,,step-1,,1,3,,div,mobile-wrapper,,,,,mobile-wrapper,,1,4,,div,,,,,1,,,5,,div,,,,,,,,6,,,,,,,,,,,,,,1,,,,,,,,,,,,,,,,,,,,,,,create-container,create-container,,,,,,div,,,,,,,,7,,,,,,,,,,,,,,,,,,,,,,,,,,,,,,content-area,content-area has-top-nav,"""nth-child=",,,,,div,,,,1,1,,,8,,"""nth-child=",,"""nth-child=","""nth-child=","""nth-child=",,,,,,"""nth-child=","""attr__data-v-ccff5985=",,,main-layout,,main-layout,"""nth-child=",,,,,,,body,,,,3,1,,,9,,,,,,,,,,,,,,,,,,,,,,,1,has-top-nav,2,1,"""attr__id=",app,font-size: 24px;,bind,4,,,,,,,,,,,,,,,,,,,,,,,,,,,,,,,,,$autocapture,6@qq.com,34e80489-22e5-531b-b877-1e581c04d878,164,http://localhost:5173/create?step=1,web,2026-03-30 03:35:04.519000+00:00
019d3cce-df17-7915-a6f1-6098a75d97bb,$autocapture,-480,164,18.5.0,18.5,896,False,iPhone,False,,phc_JvOxmPdgICJ99RrNk2sSOsqNhVt0HJkw9yAZcvYxl0Y,unset,$direct,019d3cc0-4589-784e-9862-b74704373751,Asia/Shanghai,019d3cce-b604-72cc-8d83-0b7ca40ca726,99,e7885be3-e4b2-435e-a0dd-97d1a06d57f7,zh,localhost:5173,414,zh-CN,1.334.1,019d3cc0-4589-784e-9862-b748d9c86108,False,0,True,http://localhost:5173/create?step=1,019d34c1-1aa6-722e-8668-f477eef75b2a,1800000,2026-03-30T03:19:17.889Z,iOS,896,web,$direct,Mobile,414,ui9ohw86qu05p0mr,disabled,164,Mobile Safari,synchronous,0,/create,"Mozilla/5.0 (iPhone; CPU iPhone OS 18_5 like Mac OS X) AppleWebKit/605.1.15 (KHTML, like Gecko) Version/18.5 Mobile/15E148 Safari/604.1",1774840784062,False,False,1774841683.735,2604:a880:4:1d0:0:2:64bd:0,2026-03-30T03:34:45.909Z,Santa Clara,,,,California,CA,United States,US,North America,NA,95054,37.3931,-121.962,20,America/Los_Angeles,Mobile Safari,18.5,Mobile,http://localhost:5173/create?step=1,/create,iOS,18.5.0,$direct,$direct,896,414,896,414,"Mozilla/5.0 (iPhone; CPU iPhone OS 18_5 like Mac OS X) AppleWebKit/605.1.15 (KHTML, like Gecko) Version/18.5 Mobile/15E148 Safari/604.1",Santa Clara,,,,California,CA,United States,US,North America,NA,95054,37.3931,-121.962,20,America/Los_Angeles,Mobile Safari,18.5,Mobile,http://localhost:5173/create?step=1,/create,iOS,18.5.0,$direct,$direct,896,414,896,414,"Mozilla/5.0 (iPhone; CPU iPhone OS 18_5 like Mac OS X) AppleWebKit/605.1.15 (KHTML, like Gecko) Version/18.5 Mobile/15E148 Safari/604.1",Santa Clara,United States,US,North America,NA,95054,37.3931,-121.962,20,America/Los_Angeles,CA,California,GeoIP (019be95e-8fc1-0000-693d-22902402a2b8),False,2026-03-30 03:35:04.089000+00:00,296666,164,"div.dropdown-item:attr__class=""dropdown-item""attr__data-v-0f5548d4=""""nth-child=""2""nth-of-type=""2""text=""Girl"";div.dropdown-menu:attr__class=""dropdown-menu""attr__data-v-0f5548d4=""""nth-child=""3""nth-of-type=""2"";div.input-group:attr__class=""input-group""attr__data-v-0f5548d4=""""nth-child=""3""nth-of-type=""3"";div.main-content:attr__class=""main-content""attr__data-v-0f5548d4=""""nth-child=""1""nth-of-type=""1"";div.step-1:attr__class=""step-1""attr__data-v-0f5548d4=""""nth-child=""1""nth-of-type=""1"";div.mobile-wrapper:attr__class=""mobile-wrapper""attr__data-v-0f5548d4=""""nth-child=""1""nth-of-type=""1"";div.create-container:attr__class=""create-container""attr__data-v-0f5548d4=""""attr__data-v-ccff5985=""""nth-child=""1""nth-of-type=""1"";div.content-area.has-top-nav:attr__class=""content-area has-top-nav""attr__data-v-ccff5985=""""nth-child=""2""nth-of-type=""2"";div.main-layout:attr__class=""main-layout""attr__data-v-ccff5985=""""nth-child=""1""nth-of-type=""1"";div:attr__data-v-app=""""attr__id=""app""attr_id=""app""nth-child=""1""nth-of-type=""1"";body:attr__style=""font-size: 24px;""attr__youdao=""bind""nth-child=""3""nth-of-type=""1""",2026-03-30 03:35:09.204000+00:00,full,,,,,,,,,,,,,,,,,,,,click,1,Girl,div,dropdown-item,,,,,dropdown-item,,2,0,,div,dropdown-menu,,,,,dropdown-menu,,,1,,div,input-group,,,,,input-group,,,2,,div,main-content,,,,,main-content,,1,3,,div,step-1,,,,,step-1,,1,4,,div,,,,,,,,5,,div,,,,,1,,,6,,,,,,,,Girl,,,,,,,,,,,,,,,,,,,,,,,,,,,,,mobile-wrapper,mobile-wrapper,,1,,,,div,,,,,,,,7,,,,,,,,,,,,,,,,,,,,,,,,,,,3,,,create-container,create-container,,,,,,div,,,,,,,,8,,"""nth-child=",,"""nth-child=","""nth-child=","""nth-child=",,,,,,"""nth-child=","""nth-child=","""attr__data-v-ccff5985=",1,content-area,has-top-nav,content-area has-top-nav,"""nth-child=",2,main-layout,main-layout,"""nth-child=",1,,div,,,,1,1,"""attr__id=",app,9,,body,,,,3,1,font-size: 24px;,bind,10,,,,,,,,2,,,,,,,,,,,,,,,,,,,,,,,,,,,,,,,,,,,,,,,,,,,,,,$autocapture,6@qq.com,34e80489-22e5-531b-b877-1e581c04d878,164,http://localhost:5173/create?step=1,web,2026-03-30 03:35:04.089000+00:00
019d3ccf-23ef-7cdf-b3f2-89d09da606b6,$pageview,-480,164,18.5.0,18.5,896,False,iPhone,False,,phc_JvOxmPdgICJ99RrNk2sSOsqNhVt0HJkw9yAZcvYxl0Y,unset,$direct,019d3cc0-4589-784e-9862-b74704373751,Asia/Shanghai,019d3ccf-23ef-7cdf-b3f2-89d09da606b6,98.05,e7885be3-e4b2-435e-a0dd-97d1a06d57f7,zh,localhost:5173,414,zh-CN,1.334.1,019d3cc0-4589-784e-9862-b748d9c86108,False,0,True,http://localhost:5173/create?step=2,019d34c1-1aa6-722e-8668-f477eef75b2a,1800000,2026-03-30T03:19:17.889Z,iOS,896,web,$direct,Mobile,414,qfahvk9u4dnr5wne,disabled,164,Mobile Safari,synchronous,0,/create,"Mozilla/5.0 (iPhone; CPU iPhone OS 18_5 like Mac OS X) AppleWebKit/605.1.15 (KHTML, like Gecko) Version/18.5 Mobile/15E148 Safari/604.1",1774840784062,False,False,1774841701.36,2604:a880:4:1d0:0:2:64bd:0,2026-03-30T03:35:04.355Z,Santa Clara,,,,California,CA,United States,US,North America,NA,95054,37.3931,-121.962,20,America/Los_Angeles,Mobile Safari,18.5,Mobile,http://localhost:5173/create?step=2,/create,iOS,18.5.0,$direct,$direct,896,414,896,414,"Mozilla/5.0 (iPhone; CPU iPhone OS 18_5 like Mac OS X) AppleWebKit/605.1.15 (KHTML, like Gecko) Version/18.5 Mobile/15E148 Safari/604.1",Santa Clara,,,,California,CA,United States,US,North America,NA,95054,37.3931,-121.962,20,America/Los_Angeles,Mobile Safari,18.5,Mobile,http://localhost:5173/create?step=2,/create,iOS,18.5.0,$direct,$direct,896,414,896,414,"Mozilla/5.0 (iPhone; CPU iPhone OS 18_5 like Mac OS X) AppleWebKit/605.1.15 (KHTML, like Gecko) Version/18.5 Mobile/15E148 Safari/604.1",Santa Clara,United States,US,North America,NA,95054,37.3931,-121.962,20,America/Los_Angeles,CA,California,GeoIP (019be95e-8fc1-0000-693d-22902402a2b8),False,2026-03-30 03:35:03.267000+00:00,296666,164,,2026-03-30 03:35:08.981000+00:00,full,,,,,,,,1,896,1,0,896,/create,1,1,0,28.139,019d3cce-b604-72cc-8d83-0b7ca40ca726,BrushBuddy - Kids Brushing App,,,,,,,,,,,,,,,,,,,,,,,,,,,,,,,,,,,,,,,,,,,,,,,,,,,,,,,,,,,,,,,,,,,,,,,,,,,,,,,,,,,,,,,,,,,,,,,,,,,,,,,,,,,,,,,,,,,,,,,,,,,,,,,,,,,,,,,,,,,,,,,,,,,,,,,,,,,,,,,,,,,,,,,,,,,,,,,,,,,,,,,,,,,,,,,,,,,,,,,,,,,,,,,,,,,,,,,,,,,,,,,,,,,,,,,,,,,,,,,,,,,,,,,,,,,,,,,,,,,,,,,,,,,,,,,,$pageview,6@qq.com,34e80489-22e5-531b-b877-1e581c04d878,164,http://localhost:5173/create?step=2,web,2026-03-30 03:35:03.267000+00:00
019d3ccf-23ea-79d7-9537-48808fe29354,storybook_step1_completed,-480,164,18.5,604.1,896,False,iPhone,False,,phc_JvOxmPdgICJ99RrNk2sSOsqNhVt0HJkw9yAZcvYxl0Y,unset,$direct,019d3cc0-4589-784e-9862-b74704373751,Asia/Shanghai,019d3cce-b604-72cc-8d83-0b7ca40ca726,99,e7885be3-e4b2-435e-a0dd-97d1a06d57f7,zh,localhost:5173,414,zh-CN,1.334.1,019d3cc0-4589-784e-9862-b748d9c86108,False,0,True,http://localhost:5173/create?step=1,019d34c1-1aa6-722e-8668-f477eef75b2a,1800000,2026-03-30T03:19:17.889Z,iOS,896,web,$direct,mobile,414,kkr0y9re1fz7pfze,disabled,164,Safari,synchronous,0,/create,"Mozilla/5.0 (iPhone; CPU iPhone OS 18_5 like Mac OS X) AppleWebKit/605.1.15 (KHTML, like Gecko) Version/18.5 Mobile/15E148 Safari/604.1",1774840784062,False,False,1774841701.355,2604:a880:4:1d0:0:2:64bd:0,2026-03-30T03:35:04.355Z,Santa Clara,,,,California,CA,United States,US,North America,NA,95054,37.3931,-121.962,20,America/Los_Angeles,Safari,604.1,mobile,http://localhost:5173/create?step=1,/create,iOS,18.5,$direct,$direct,896,414,896,414,"Mozilla/5.0 (iPhone; CPU iPhone OS 18_5 like Mac OS X) AppleWebKit/605.1.15 (KHTML, like Gecko) Version/18.5 Mobile/15E148 Safari/604.1",Santa Clara,,,,California,CA,United States,US,North America,NA,95054,37.3931,-121.962,20,America/Los_Angeles,Safari,604.1,mobile,http://localhost:5173/create?step=1,/create,iOS,18.5,$direct,$direct,896,414,896,414,"Mozilla/5.0 (iPhone; CPU iPhone OS 18_5 like Mac OS X) AppleWebKit/605.1.15 (KHTML, like Gecko) Version/18.5 Mobile/15E148 Safari/604.1",Santa Clara,United States,US,North America,NA,95054,37.3931,-121.962,20,America/Los_Angeles,CA,California,GeoIP (019be95e-8fc1-0000-693d-22902402a2b8),False,2026-03-30 03:35:03.262000+00:00,296666,164,,2026-03-30 03:35:08.358000+00:00,full,,,,,,,,,,,,,,,,,,,,,,,,,,,,,,,,,,,,,,,,,,,,,,,,,,,,,,,,,,,,,,,,,,,,,,,,,,,,,,,,,,,,,,,,,,,,,,,,,,,,,,,,,,,,,,,,,,,,,,,,,,,,,,,,,,,,,,,,,,,,,,,,,,,,,,,,,,,,,,,,,,,,,,,,,,,,,,,,,,,,,,,,,,,,,,,,,,,,,,,,,,,,,,,,,,,,,,,,,,,,,,,,,,,,,,,,,,,,,,,,,,,,,,,,,,,,,,,,,,,4,female,,,,,,,,,,,,,,,,,,,,,,,,,,,,,,,storybook_step1_completed,6@qq.com,34e80489-22e5-531b-b877-1e581c04d878,164,http://localhost:5173/create?step=1,web,2026-03-30 03:35:03.262000+00:00
019d3cce-dbda-7f79-b89b-45a1fd139bfc,$autocapture,-480,164,18.5.0,18.5,896,False,iPhone,False,,phc_JvOxmPdgICJ99RrNk2sSOsqNhVt0HJkw9yAZcvYxl0Y,unset,$direct,019d3cc0-4589-784e-9862-b74704373751,Asia/Shanghai,019d3cce-b604-72cc-8d83-0b7ca40ca726,98.03,e7885be3-e4b2-435e-a0dd-97d1a06d57f7,zh,localhost:5173,414,zh-CN,1.334.1,019d3cc0-4589-784e-9862-b748d9c86108,False,0,True,http://localhost:5173/create?step=1,019d34c1-1aa6-722e-8668-f477eef75b2a,1800000,2026-03-30T03:19:17.889Z,iOS,896,web,$direct,Mobile,414,2u8ruglebx0fuzk3,disabled,164,Mobile Safari,synchronous,0,/create,"Mozilla/5.0 (iPhone; CPU iPhone OS 18_5 like Mac OS X) AppleWebKit/605.1.15 (KHTML, like Gecko) Version/18.5 Mobile/15E148 Safari/604.1",1774840784062,False,False,1774841682.906,2604:a880:4:1d0:0:2:64bd:0,2026-03-30T03:34:45.909Z,Santa Clara,,,,California,CA,United States,US,North America,NA,95054,37.3931,-121.962,20,America/Los_Angeles,Mobile Safari,18.5,Mobile,http://localhost:5173/create?step=1,/create,iOS,18.5.0,$direct,$direct,896,414,896,414,"Mozilla/5.0 (iPhone; CPU iPhone OS 18_5 like Mac OS X) AppleWebKit/605.1.15 (KHTML, like Gecko) Version/18.5 Mobile/15E148 Safari/604.1",Santa Clara,,,,California,CA,United States,US,North America,NA,95054,37.3931,-121.962,20,America/Los_Angeles,Mobile Safari,18.5,Mobile,http://localhost:5173/create?step=1,/create,iOS,18.5.0,$direct,$direct,896,414,896,414,"Mozilla/5.0 (iPhone; CPU iPhone OS 18_5 like Mac OS X) AppleWebKit/605.1.15 (KHTML, like Gecko) Version/18.5 Mobile/15E148 Safari/604.1",Santa Clara,United States,US,North America,NA,95054,37.3931,-121.962,20,America/Los_Angeles,CA,California,GeoIP (019be95e-8fc1-0000-693d-22902402a2b8),False,2026-03-30 03:35:03.260000+00:00,296666,164,"div.select-box:attr__class=""select-box""attr__data-v-0f5548d4=""""nth-child=""2""nth-of-type=""1"";div.input-group:attr__class=""input-group""attr__data-v-0f5548d4=""""nth-child=""3""nth-of-type=""3"";div.main-content:attr__class=""main-content""attr__data-v-0f5548d4=""""nth-child=""1""nth-of-type=""1"";div.step-1:attr__class=""step-1""attr__data-v-0f5548d4=""""nth-child=""1""nth-of-type=""1"";div.mobile-wrapper:attr__class=""mobile-wrapper""attr__data-v-0f5548d4=""""nth-child=""1""nth-of-type=""1"";div.create-container:attr__class=""create-container""attr__data-v-0f5548d4=""""attr__data-v-ccff5985=""""nth-child=""1""nth-of-type=""1"";div.content-area.has-top-nav:attr__class=""content-area has-top-nav""attr__data-v-ccff5985=""""nth-child=""2""nth-of-type=""2"";div.main-layout:attr__class=""main-layout""attr__data-v-ccff5985=""""nth-child=""1""nth-of-type=""1"";div:attr__data-v-app=""""attr__id=""app""attr_id=""app""nth-child=""1""nth-of-type=""1"";body:attr__style=""font-size: 24px;""attr__youdao=""bind""nth-child=""3""nth-of-type=""1""",2026-03-30 03:35:09.198000+00:00,full,,,,,,,,,,,,,,,,,,,,click,1,,div,select-box,,,,,select-box,,1,0,,div,input-group,,,,,input-group,,,1,,div,main-content,,,,,main-content,,,2,,div,step-1,,,,,step-1,,1,3,,div,mobile-wrapper,,,,,mobile-wrapper,,1,4,,div,,,,,1,,,5,,div,,,,,,,,6,,,,,,,,,,,,,,1,,,,,,,,,,,,,,,,,,,,,,,create-container,create-container,,,,,,div,,,,,,,,7,,,,,,,,,,,,,,,,,,,,,,,,,,,,,,content-area,content-area has-top-nav,"""nth-child=",,,,,div,,,,1,1,,,8,,"""nth-child=",,"""nth-child=","""nth-child=","""nth-child=",,,,,,"""nth-child=","""attr__data-v-ccff5985=",,,main-layout,,main-layout,"""nth-child=",,,,,,,body,,,,3,1,,,9,,,,,,,,,,,,,,,,,,3,,,,,1,has-top-nav,2,1,"""attr__id=",app,font-size: 24px;,bind,,,,,,,,,,,,,,,,,,,,,,,,,,,,,,,,,,$autocapture,6@qq.com,34e80489-22e5-531b-b877-1e581c04d878,164,http://localhost:5173/create?step=1,web,2026-03-30 03:35:03.260000+00:00
019d3cce-dbd8-798b-ad7a-73afa8fd4084,$autocapture,-480,164,18.5.0,18.5,896,False,iPhone,False,,phc_JvOxmPdgICJ99RrNk2sSOsqNhVt0HJkw9yAZcvYxl0Y,unset,$direct,019d3cc0-4589-784e-9862-b74704373751,Asia/Shanghai,019d3cce-b604-72cc-8d83-0b7ca40ca726,99,e7885be3-e4b2-435e-a0dd-97d1a06d57f7,zh,localhost:5173,414,zh-CN,1.334.1,019d3cc0-4589-784e-9862-b748d9c86108,False,0,True,http://localhost:5173/create?step=1,019d34c1-1aa6-722e-8668-f477eef75b2a,1800000,2026-03-30T03:19:17.889Z,iOS,896,web,$direct,Mobile,414,zppb1oguxgs2klip,disabled,164,Mobile Safari,synchronous,0,/create,"Mozilla/5.0 (iPhone; CPU iPhone OS 18_5 like Mac OS X) AppleWebKit/605.1.15 (KHTML, like Gecko) Version/18.5 Mobile/15E148 Safari/604.1",1774840784062,False,False,1774841682.904,2604:a880:4:1d0:0:2:64bd:0,2026-03-30T03:34:45.909Z,Santa Clara,,,,California,CA,United States,US,North America,NA,95054,37.3931,-121.962,20,America/Los_Angeles,Mobile Safari,18.5,Mobile,http://localhost:5173/create?step=1,/create,iOS,18.5.0,$direct,$direct,896,414,896,414,"Mozilla/5.0 (iPhone; CPU iPhone OS 18_5 like Mac OS X) AppleWebKit/605.1.15 (KHTML, like Gecko) Version/18.5 Mobile/15E148 Safari/604.1",Santa Clara,,,,California,CA,United States,US,North America,NA,95054,37.3931,-121.962,20,America/Los_Angeles,Mobile Safari,18.5,Mobile,http://localhost:5173/create?step=1,/create,iOS,18.5.0,$direct,$direct,896,414,896,414,"Mozilla/5.0 (iPhone; CPU iPhone OS 18_5 like Mac OS X) AppleWebKit/605.1.15 (KHTML, like Gecko) Version/18.5 Mobile/15E148 Safari/604.1",Santa Clara,United States,US,North America,NA,95054,37.3931,-121.962,20,America/Los_Angeles,CA,California,GeoIP (019be95e-8fc1-0000-693d-22902402a2b8),False,2026-03-30 03:35:03.258000+00:00,296666,164,"input.text-input:attr__class=""text-input""nth-child=""1""nth-of-type=""1"";div.input-box:attr__class=""input-box""attr__data-v-0f5548d4=""""nth-child=""2""nth-of-type=""1"";div.input-group:attr__class=""input-group""attr__data-v-0f5548d4=""""nth-child=""2""nth-of-type=""2"";div.main-content:attr__class=""main-content""attr__data-v-0f5548d4=""""nth-child=""1""nth-of-type=""1"";div.step-1:attr__class=""step-1""attr__data-v-0f5548d4=""""nth-child=""1""nth-of-type=""1"";div.mobile-wrapper:attr__class=""mobile-wrapper""attr__data-v-0f5548d4=""""nth-child=""1""nth-of-type=""1"";div.create-container:attr__class=""create-container""attr__data-v-0f5548d4=""""attr__data-v-ccff5985=""""nth-child=""1""nth-of-type=""1"";div.content-area.has-top-nav:attr__class=""content-area has-top-nav""attr__data-v-ccff5985=""""nth-child=""2""nth-of-type=""2"";div.main-layout:attr__class=""main-layout""attr__data-v-ccff5985=""""nth-child=""1""nth-of-type=""1"";div:attr__data-v-app=""""attr__id=""app""attr_id=""app""nth-child=""1""nth-of-type=""1"";body:attr__style=""font-size: 24px;""attr__youdao=""bind""nth-child=""3""nth-of-type=""1""",2026-03-30 03:35:09.192000+00:00,full,,,,,,,,,,,,,,,,,,,,change,1,,input,text-input,,,1,1,text-input,,,0,,div,input-box,,,,,input-box,,,1,,div,input-group,,,,,input-group,,,2,,div,main-content,,,,,main-content,,1,3,,div,step-1,,,,,step-1,,1,4,,div,,,,,,,,5,,div,,,,,1,,,6,,,,,,,,,,,,,,,,,,,,,,,,,,,,,,,,,,,1,,mobile-wrapper,mobile-wrapper,,1,,,,div,,,,,,,,7,,,,,,,,,,,,,,,,,,,,,,,,,,,,,,create-container,create-container,,,,,,div,,,,,,,,8,,,,"""nth-child=","""nth-child=","""nth-child=",,,,,,"""nth-child=","""nth-child=","""attr__data-v-ccff5985=",1,content-area,has-top-nav,content-area has-top-nav,"""nth-child=",2,main-layout,main-layout,"""nth-child=",1,,div,,,,1,1,"""attr__id=",app,9,,body,,,,3,1,font-size: 24px;,bind,10,,,,,,,,,,,,,,,,,,,,,,,,2,,,,,,,,,,,,,,,,,,,,,,,,,,,,,,$autocapture,6@qq.com,34e80489-22e5-531b-b877-1e581c04d878,164,http://localhost:5173/create?step=1,web,2026-03-30 03:35:03.258000+00:00
019d3cce-cd7b-7af6-a2fc-0cf3405e808d,$autocapture,-480,164,18.5.0,18.5,896,False,iPhone,False,,phc_JvOxmPdgICJ99RrNk2sSOsqNhVt0HJkw9yAZcvYxl0Y,unset,$direct,019d3cc0-4589-784e-9862-b74704373751,Asia/Shanghai,019d3cce-b604-72cc-8d83-0b7ca40ca726,99,e7885be3-e4b2-435e-a0dd-97d1a06d57f7,zh,localhost:5173,414,zh-CN,1.334.1,019d3cc0-4589-784e-9862-b748d9c86108,False,0,True,http://localhost:5173/create?step=1,019d34c1-1aa6-722e-8668-f477eef75b2a,1800000,2026-03-30T03:19:17.889Z,iOS,896,web,$direct,Mobile,414,623t7c1nhmznprwu,disabled,164,Mobile Safari,synchronous,0,/create,"Mozilla/5.0 (iPhone; CPU iPhone OS 18_5 like Mac OS X) AppleWebKit/605.1.15 (KHTML, like Gecko) Version/18.5 Mobile/15E148 Safari/604.1",1774840784062,False,False,1774841679.227,2604:a880:4:1d0:0:2:64bd:0,2026-03-30T03:34:41.645Z,Santa Clara,,,,California,CA,United States,US,North America,NA,95054,37.3931,-121.962,20,America/Los_Angeles,Mobile Safari,18.5,Mobile,http://localhost:5173/create?step=1,/create,iOS,18.5.0,$direct,$direct,896,414,896,414,"Mozilla/5.0 (iPhone; CPU iPhone OS 18_5 like Mac OS X) AppleWebKit/605.1.15 (KHTML, like Gecko) Version/18.5 Mobile/15E148 Safari/604.1",Santa Clara,,,,California,CA,United States,US,North America,NA,95054,37.3931,-121.962,20,America/Los_Angeles,Mobile Safari,18.5,Mobile,http://localhost:5173/create?step=1,/create,iOS,18.5.0,$direct,$direct,896,414,896,414,"Mozilla/5.0 (iPhone; CPU iPhone OS 18_5 like Mac OS X) AppleWebKit/605.1.15 (KHTML, like Gecko) Version/18.5 Mobile/15E148 Safari/604.1",Santa Clara,United States,US,North America,NA,95054,37.3931,-121.962,20,America/Los_Angeles,CA,California,GeoIP (019be95e-8fc1-0000-693d-22902402a2b8),False,2026-03-30 03:34:39.396000+00:00,296666,164,"input.text-input:attr__class=""text-input""nth-child=""1""nth-of-type=""1"";div.input-box:attr__class=""input-box""attr__data-v-0f5548d4=""""nth-child=""2""nth-of-type=""1"";div.input-group:attr__class=""input-group""attr__data-v-0f5548d4=""""nth-child=""2""nth-of-type=""2"";div.main-content:attr__class=""main-content""attr__data-v-0f5548d4=""""nth-child=""1""nth-of-type=""1"";div.step-1:attr__class=""step-1""attr__data-v-0f5548d4=""""nth-child=""1""nth-of-type=""1"";div.mobile-wrapper:attr__class=""mobile-wrapper""attr__data-v-0f5548d4=""""nth-child=""1""nth-of-type=""1"";div.create-container:attr__class=""create-container""attr__data-v-0f5548d4=""""attr__data-v-ccff5985=""""nth-child=""1""nth-of-type=""1"";div.content-area.has-top-nav:attr__class=""content-area has-top-nav""attr__data-v-ccff5985=""""nth-child=""2""nth-of-type=""2"";div.main-layout:attr__class=""main-layout""attr__data-v-ccff5985=""""nth-child=""1""nth-of-type=""1"";div:attr__data-v-app=""""attr__id=""app""attr_id=""app""nth-child=""1""nth-of-type=""1"";body:attr__style=""font-size: 24px;""attr__youdao=""bind""nth-child=""3""nth-of-type=""1""",2026-03-30 03:34:43.200000+00:00,full,,,,,,,,,,,,,,,,,,,,click,1,,input,text-input,,,1,1,text-input,,,0,,div,input-box,,,,,input-box,,,1,,div,input-group,,,,,input-group,,,2,,div,main-content,,,,,main-content,,1,3,,div,step-1,,,,,step-1,,1,4,,div,,,,,,,,5,,div,,,,,1,,,6,,,,,,,,,,,,,,,,,,,,,,,,,,,,,,,,,,,1,,mobile-wrapper,mobile-wrapper,,1,,,,div,,,,,,,,7,,,,,,,,,,,,,,,,,,,,,,,,,,,,,,create-container,create-container,,,,,,div,,,,,,,,8,,,,"""nth-child=","""nth-child=","""nth-child=",,,,,,"""nth-child=","""nth-child=","""attr__data-v-ccff5985=",1,content-area,has-top-nav,content-area has-top-nav,"""nth-child=",2,main-layout,main-layout,"""nth-child=",1,,div,,,,1,1,"""attr__id=",app,9,,body,,,,3,1,font-size: 24px;,bind,10,,,,,,,,,,,,,,,,,,,,,,,,2,,,,,,,,,,,,,,,,,,,,,,,,,,,,,,$autocapture,6@qq.com,34e80489-22e5-531b-b877-1e581c04d878,164,http://localhost:5173/create?step=1,web,2026-03-30 03:34:39.396000+00:00
019d3cce-cb2d-7a6d-8b0f-c7e8183d03ec,$autocapture,-480,164,18.5.0,18.5,896,False,iPhone,False,,phc_JvOxmPdgICJ99RrNk2sSOsqNhVt0HJkw9yAZcvYxl0Y,unset,$direct,019d3cc0-4589-784e-9862-b74704373751,Asia/Shanghai,019d3cce-b604-72cc-8d83-0b7ca40ca726,99,e7885be3-e4b2-435e-a0dd-97d1a06d57f7,zh,localhost:5173,414,zh-CN,1.334.1,019d3cc0-4589-784e-9862-b748d9c86108,False,0,True,http://localhost:5173/create?step=1,019d34c1-1aa6-722e-8668-f477eef75b2a,1800000,2026-03-30T03:19:17.889Z,iOS,896,web,$direct,Mobile,414,5stgesarfimted2c,disabled,164,Mobile Safari,synchronous,0,/create,"Mozilla/5.0 (iPhone; CPU iPhone OS 18_5 like Mac OS X) AppleWebKit/605.1.15 (KHTML, like Gecko) Version/18.5 Mobile/15E148 Safari/604.1",1774840784062,False,False,1774841678.637,2604:a880:4:1d0:0:2:64bd:0,2026-03-30T03:34:41.645Z,Santa Clara,,,,California,CA,United States,US,North America,NA,95054,37.3931,-121.962,20,America/Los_Angeles,Mobile Safari,18.5,Mobile,http://localhost:5173/create?step=1,/create,iOS,18.5.0,$direct,$direct,896,414,896,414,"Mozilla/5.0 (iPhone; CPU iPhone OS 18_5 like Mac OS X) AppleWebKit/605.1.15 (KHTML, like Gecko) Version/18.5 Mobile/15E148 Safari/604.1",Santa Clara,,,,California,CA,United States,US,North America,NA,95054,37.3931,-121.962,20,America/Los_Angeles,Mobile Safari,18.5,Mobile,http://localhost:5173/create?step=1,/create,iOS,18.5.0,$direct,$direct,896,414,896,414,"Mozilla/5.0 (iPhone; CPU iPhone OS 18_5 like Mac OS X) AppleWebKit/605.1.15 (KHTML, like Gecko) Version/18.5 Mobile/15E148 Safari/604.1",Santa Clara,United States,US,North America,NA,95054,37.3931,-121.962,20,America/Los_Angeles,CA,California,GeoIP (019be95e-8fc1-0000-693d-22902402a2b8),False,2026-03-30 03:34:38.806000+00:00,296666,164,"input.hidden:attr__class=""hidden""nth-child=""2""nth-of-type=""1"";div.mobile-wrapper:attr__class=""mobile-wrapper""attr__data-v-0f5548d4=""""nth-child=""1""nth-of-type=""1"";div.create-container:attr__class=""create-container""attr__data-v-0f5548d4=""""attr__data-v-ccff5985=""""nth-child=""1""nth-of-type=""1"";div.content-area.has-top-nav:attr__class=""content-area has-top-nav""attr__data-v-ccff5985=""""nth-child=""2""nth-of-type=""2"";div.main-layout:attr__class=""main-layout""attr__data-v-ccff5985=""""nth-child=""1""nth-of-type=""1"";div:attr__data-v-app=""""attr__id=""app""attr_id=""app""nth-child=""1""nth-of-type=""1"";body:attr__style=""font-size: 24px;""attr__youdao=""bind""nth-child=""3""nth-of-type=""1""",2026-03-30 03:34:43.105000+00:00,full,,,,,,,,,,,,,,,,,,,,change,1,,input,hidden,,,2,1,hidden,,,0,,div,mobile-wrapper,,,,,mobile-wrapper,,1,1,,div,create-container,,,,1,create-container,,1,2,,div,content-area,,,,,content-area has-top-nav,"""nth-child=",,3,,div,main-layout,,,,,main-layout,"""nth-child=",1,4,,div,,,,1,1,"""attr__id=",app,5,,body,,,,3,1,font-size: 24px;,bind,6,,,,,,,has-top-nav,,,,,,,,,,,,,,,,,,,,,,,,,,,,,,,,,,,,,,,,,,,,,,,,,,,,,,,,,,,,,,,,,,,,,,,,,,,,,,,,,,,,,,,,,,,,,,"""nth-child=","""attr__data-v-ccff5985=",,,,,,,,,,,,,,,,,,,,,,,,,,,,,,,,,,,,,,,,,,,,,,,,,,,,,,,,,,,,,,,,2,,,,,,,,,,,,,,,,,,,,,,,,,,,,,$autocapture,6@qq.com,34e80489-22e5-531b-b877-1e581c04d878,164,http://localhost:5173/create?step=1,web,2026-03-30 03:34:38.806000+00:00
019d3cce-ba9d-7374-aa4c-62556bb1c60b,$autocapture,-480,164,18.5.0,18.5,896,False,iPhone,False,,phc_JvOxmPdgICJ99RrNk2sSOsqNhVt0HJkw9yAZcvYxl0Y,unset,$direct,019d3cc0-4589-784e-9862-b74704373751,Asia/Shanghai,019d3cce-b604-72cc-8d83-0b7ca40ca726,98.03,e7885be3-e4b2-435e-a0dd-97d1a06d57f7,zh,localhost:5173,414,zh-CN,1.334.1,019d3cc0-4589-784e-9862-b748d9c86108,False,0,True,http://localhost:5173/create?step=1,019d34c1-1aa6-722e-8668-f477eef75b2a,1800000,2026-03-30T03:19:17.889Z,iOS,896,web,$direct,Mobile,414,c0psxdzmmcnx66pl,disabled,164,Mobile Safari,synchronous,0,/create,"Mozilla/5.0 (iPhone; CPU iPhone OS 18_5 like Mac OS X) AppleWebKit/605.1.15 (KHTML, like Gecko) Version/18.5 Mobile/15E148 Safari/604.1",1774840784062,False,False,1774841674.397,2604:a880:4:1d0:0:2:64bd:0,2026-03-30T03:34:36.097Z,Santa Clara,,,,California,CA,United States,US,North America,NA,95054,37.3931,-121.962,20,America/Los_Angeles,Mobile Safari,18.5,Mobile,http://localhost:5173/create?step=1,/create,iOS,18.5.0,$direct,$direct,896,414,896,414,"Mozilla/5.0 (iPhone; CPU iPhone OS 18_5 like Mac OS X) AppleWebKit/605.1.15 (KHTML, like Gecko) Version/18.5 Mobile/15E148 Safari/604.1",Santa Clara,,,,California,CA,United States,US,North America,NA,95054,37.3931,-121.962,20,America/Los_Angeles,Mobile Safari,18.5,Mobile,http://localhost:5173/create?step=1,/create,iOS,18.5.0,$direct,$direct,896,414,896,414,"Mozilla/5.0 (iPhone; CPU iPhone OS 18_5 like Mac OS X) AppleWebKit/605.1.15 (KHTML, like Gecko) Version/18.5 Mobile/15E148 Safari/604.1",Santa Clara,United States,US,North America,NA,95054,37.3931,-121.962,20,America/Los_Angeles,CA,California,GeoIP (019be95e-8fc1-0000-693d-22902402a2b8),False,2026-03-30 03:34:35.853000+00:00,296666,164,"input.hidden:attr__class=""hidden""nth-child=""2""nth-of-type=""1"";div.mobile-wrapper:attr__class=""mobile-wrapper""attr__data-v-0f5548d4=""""nth-child=""1""nth-of-type=""1"";div.create-container:attr__class=""create-container""attr__data-v-0f5548d4=""""attr__data-v-ccff5985=""""nth-child=""1""nth-of-type=""1"";div.content-area.has-top-nav:attr__class=""content-area has-top-nav""attr__data-v-ccff5985=""""nth-child=""2""nth-of-type=""2"";div.main-layout:attr__class=""main-layout""attr__data-v-ccff5985=""""nth-child=""1""nth-of-type=""1"";div:attr__data-v-app=""""attr__id=""app""attr_id=""app""nth-child=""1""nth-of-type=""1"";body:attr__style=""font-size: 24px;""attr__youdao=""bind""nth-child=""3""nth-of-type=""1""",2026-03-30 03:34:39.485000+00:00,full,,,,,,,,,,,,,,,,,,,,click,1,,input,hidden,,,2,1,hidden,,,0,,div,mobile-wrapper,,,,,mobile-wrapper,,1,1,,div,create-container,,,,1,create-container,,1,2,,div,content-area,,,,,content-area has-top-nav,"""nth-child=",,3,,div,main-layout,,,,,main-layout,"""nth-child=",1,4,,div,,,,1,1,"""attr__id=",app,5,,body,,,,3,1,font-size: 24px;,bind,6,,,,,,,has-top-nav,,,,,,,,,,,,,,,,,,,,,,,,,,,,,,,,,,,,,,,,,,,,,,,,,,,,,,,,,,,,,,,,,,,,,,,,,,,,,,,,,,,,,,,,,,,,,,"""nth-child=","""attr__data-v-ccff5985=",,,,,,,,,,,,,,,,,,,,,,,,,,,,,,,,,,,,,,,,,,,,,,,,,,,,,,,,,,,,,,,,2,,,,,,,,,,,,,,,,,,,,,,,,,,,,,$autocapture,6@qq.com,34e80489-22e5-531b-b877-1e581c04d878,164,http://localhost:5173/create?step=1,web,2026-03-30 03:34:35.853000+00:00
019d3cce-ba9a-725d-ac6e-1e3dd0162cc4,$autocapture,-480,164,18.5.0,18.5,896,False,iPhone,False,,phc_JvOxmPdgICJ99RrNk2sSOsqNhVt0HJkw9yAZcvYxl0Y,unset,$direct,019d3cc0-4589-784e-9862-b74704373751,Asia/Shanghai,019d3cce-b604-72cc-8d83-0b7ca40ca726,99,e7885be3-e4b2-435e-a0dd-97d1a06d57f7,zh,localhost:5173,414,zh-CN,1.334.1,019d3cc0-4589-784e-9862-b748d9c86108,False,0,True,http://localhost:5173/create?step=1,019d34c1-1aa6-722e-8668-f477eef75b2a,1800000,2026-03-30T03:19:17.889Z,iOS,896,web,$direct,Mobile,414,1jgb2ro3bcepk6ju,disabled,164,Mobile Safari,synchronous,0,/create,"Mozilla/5.0 (iPhone; CPU iPhone OS 18_5 like Mac OS X) AppleWebKit/605.1.15 (KHTML, like Gecko) Version/18.5 Mobile/15E148 Safari/604.1",1774840784062,False,False,1774841674.395,2604:a880:4:1d0:0:2:64bd:0,2026-03-30T03:34:36.097Z,Santa Clara,,,,California,CA,United States,US,North America,NA,95054,37.3931,-121.962,20,America/Los_Angeles,Mobile Safari,18.5,Mobile,http://localhost:5173/create?step=1,/create,iOS,18.5.0,$direct,$direct,896,414,896,414,"Mozilla/5.0 (iPhone; CPU iPhone OS 18_5 like Mac OS X) AppleWebKit/605.1.15 (KHTML, like Gecko) Version/18.5 Mobile/15E148 Safari/604.1",Santa Clara,,,,California,CA,United States,US,North America,NA,95054,37.3931,-121.962,20,America/Los_Angeles,Mobile Safari,18.5,Mobile,http://localhost:5173/create?step=1,/create,iOS,18.5.0,$direct,$direct,896,414,896,414,"Mozilla/5.0 (iPhone; CPU iPhone OS 18_5 like Mac OS X) AppleWebKit/605.1.15 (KHTML, like Gecko) Version/18.5 Mobile/15E148 Safari/604.1",Santa Clara,United States,US,North America,NA,95054,37.3931,-121.962,20,America/Los_Angeles,CA,California,GeoIP (019be95e-8fc1-0000-693d-22902402a2b8),False,2026-03-30 03:34:35.850000+00:00,296666,164,"div.upload-placeholder:attr__class=""upload-placeholder""attr__data-v-0f5548d4=""""nth-child=""1""nth-of-type=""1"";div.upload-area:attr__class=""upload-area""attr__data-v-0f5548d4=""""nth-child=""2""nth-of-type=""2"";div.upload-section:attr__class=""upload-section""attr__data-v-0f5548d4=""""nth-child=""1""nth-of-type=""1"";div.main-content:attr__class=""main-content""attr__data-v-0f5548d4=""""nth-child=""1""nth-of-type=""1"";div.step-1:attr__class=""step-1""attr__data-v-0f5548d4=""""nth-child=""1""nth-of-type=""1"";div.mobile-wrapper:attr__class=""mobile-wrapper""attr__data-v-0f5548d4=""""nth-child=""1""nth-of-type=""1"";div.create-container:attr__class=""create-container""attr__data-v-0f5548d4=""""attr__data-v-ccff5985=""""nth-child=""1""nth-of-type=""1"";div.content-area.has-top-nav:attr__class=""content-area has-top-nav""attr__data-v-ccff5985=""""nth-child=""2""nth-of-type=""2"";div.main-layout:attr__class=""main-layout""attr__data-v-ccff5985=""""nth-child=""1""nth-of-type=""1"";div:attr__data-v-app=""""attr__id=""app""attr_id=""app""nth-child=""1""nth-of-type=""1"";body:attr__style=""font-size: 24px;""attr__youdao=""bind""nth-child=""3""nth-of-type=""1""",2026-03-30 03:34:39.482000+00:00,full,,,,,,,,,,,,,,,,,,,,click,1,,div,upload-placeholder,,,,,upload-placeholder,,,0,,div,upload-area,,,,,upload-area,,,1,,div,upload-section,,,,,upload-section,,,2,,div,main-content,,,,,main-content,,1,3,,div,step-1,,,,,step-1,,1,4,,div,,,,,,,,5,,div,,,,,1,,,6,,,,,,,,,,,,,,1,,,,,,,,,,,,,,,,,,,,,2,,mobile-wrapper,mobile-wrapper,,1,,,,div,,,,,,,,7,,,,,,,,,,,,,,,,,,,,,,,,,,,,,,create-container,create-container,,,,,,div,,,,,,,,8,,"""nth-child=",,"""nth-child=","""nth-child=","""nth-child=",,,,,,"""nth-child=","""nth-child=","""attr__data-v-ccff5985=",1,content-area,has-top-nav,content-area has-top-nav,"""nth-child=",2,main-layout,main-layout,"""nth-child=",1,,div,,,,1,1,"""attr__id=",app,9,,body,,,,3,1,font-size: 24px;,bind,10,,,,,,,,,,,,,,,,,,,,,,,,,,1,,,,,,,,,,,,,,,,,,,,,,,,,,,,$autocapture,6@qq.com,34e80489-22e5-531b-b877-1e581c04d878,164,http://localhost:5173/create?step=1,web,2026-03-30 03:34:35.850000+00:00
019d3cce-b604-72cc-8d83-0b7ca40ca726,$pageview,-480,164,18.5.0,18.5,896,False,iPhone,False,,phc_JvOxmPdgICJ99RrNk2sSOsqNhVt0HJkw9yAZcvYxl0Y,unset,$direct,019d3cc0-4589-784e-9862-b74704373751,Asia/Shanghai,019d3cce-b604-72cc-8d83-0b7ca40ca726,98.17,e7885be3-e4b2-435e-a0dd-97d1a06d57f7,zh,localhost:5173,414,zh-CN,1.334.1,019d3cc0-4589-784e-9862-b748d9c86108,False,0,True,http://localhost:5173/create?step=1,019d34c1-1aa6-722e-8668-f477eef75b2a,1800000,2026-03-30T03:19:17.889Z,iOS,896,web,$direct,Mobile,414,yj9setcwv95rb2yb,disabled,164,Mobile Safari,synchronous,0,/create,"Mozilla/5.0 (iPhone; CPU iPhone OS 18_5 like Mac OS X) AppleWebKit/605.1.15 (KHTML, like Gecko) Version/18.5 Mobile/15E148 Safari/604.1",1774840784062,False,False,1774841673.226,2604:a880:4:1d0:0:2:64bd:0,2026-03-30T03:34:36.097Z,Santa Clara,,,,California,CA,United States,US,North America,NA,95054,37.3931,-121.962,20,America/Los_Angeles,Mobile Safari,18.5,Mobile,http://localhost:5173/create?step=1,/create,iOS,18.5.0,$direct,$direct,896,414,896,414,"Mozilla/5.0 (iPhone; CPU iPhone OS 18_5 like Mac OS X) AppleWebKit/605.1.15 (KHTML, like Gecko) Version/18.5 Mobile/15E148 Safari/604.1",Santa Clara,,,,California,CA,United States,US,North America,NA,95054,37.3931,-121.962,20,America/Los_Angeles,Mobile Safari,18.5,Mobile,http://localhost:5173/create?step=1,/create,iOS,18.5.0,$direct,$direct,896,414,896,414,"Mozilla/5.0 (iPhone; CPU iPhone OS 18_5 like Mac OS X) AppleWebKit/605.1.15 (KHTML, like Gecko) Version/18.5 Mobile/15E148 Safari/604.1",Santa Clara,United States,US,North America,NA,95054,37.3931,-121.962,20,America/Los_Angeles,CA,California,GeoIP (019be95e-8fc1-0000-693d-22902402a2b8),False,2026-03-30 03:34:34.676000+00:00,296666,164,,2026-03-30 03:34:39.478000+00:00,full,,,,,,,,1,896,1,0,896,/create,1,1,0,0.017,019d3cce-b5f3-7833-a0fb-0d13be999c22,BrushBuddy - Kids Brushing App,,,,,,,,,,,,,,,,,,,,,,,,,,,,,,,,,,,,,,,,,,,,,,,,,,,,,,,,,,,,,,,,,,,,,,,,,,,,,,,,,,,,,,,,,,,,,,,,,,,,,,,,,,,,,,,,,,,,,,,,,,,,,,,,,,,,,,,,,,,,,,,,,,,,,,,,,,,,,,,,,,,,,,,,,,,,,,,,,,,,,,,,,,,,,,,,,,,,,,,,,,,,,,,,,,,,,,,,,,,,,,,,,,,,,,,,,,,,,,,,,,,,,,,,,,,,,,,,,,,,,,,,,,,,,,,,$pageview,6@qq.com,34e80489-22e5-531b-b877-1e581c04d878,164,http://localhost:5173/create?step=1,web,2026-03-30 03:34:34.676000+00:00
019d3cce-b5f3-7833-a0fb-0d13be999c22,$pageview,-480,164,18.5.0,18.5,896,False,iPhone,False,,phc_JvOxmPdgICJ99RrNk2sSOsqNhVt0HJkw9yAZcvYxl0Y,unset,$direct,019d3cc0-4589-784e-9862-b74704373751,Asia/Shanghai,019d3cce-b5f3-7833-a0fb-0d13be999c22,99,e7885be3-e4b2-435e-a0dd-97d1a06d57f7,zh,localhost:5173,414,zh-CN,1.334.1,019d3cc0-4589-784e-9862-b748d9c86108,False,0,True,http://localhost:5173/create,019d34c1-1aa6-722e-8668-f477eef75b2a,1800000,2026-03-30T03:19:17.889Z,iOS,896,web,$direct,Mobile,414,l16r1hhjzmd4fpeh,disabled,164,Mobile Safari,synchronous,0,/create,"Mozilla/5.0 (iPhone; CPU iPhone OS 18_5 like Mac OS X) AppleWebKit/605.1.15 (KHTML, like Gecko) Version/18.5 Mobile/15E148 Safari/604.1",1774840784062,False,False,1774841673.204,2604:a880:4:1d0:0:2:64bd:0,2026-03-30T03:34:36.097Z,Santa Clara,,,,California,CA,United States,US,North America,NA,95054,37.3931,-121.962,20,America/Los_Angeles,Mobile Safari,18.5,Mobile,http://localhost:5173/create,/create,iOS,18.5.0,$direct,$direct,896,414,896,414,"Mozilla/5.0 (iPhone; CPU iPhone OS 18_5 like Mac OS X) AppleWebKit/605.1.15 (KHTML, like Gecko) Version/18.5 Mobile/15E148 Safari/604.1",Santa Clara,,,,California,CA,United States,US,North America,NA,95054,37.3931,-121.962,20,America/Los_Angeles,Mobile Safari,18.5,Mobile,http://localhost:5173/create,/create,iOS,18.5.0,$direct,$direct,896,414,896,414,"Mozilla/5.0 (iPhone; CPU iPhone OS 18_5 like Mac OS X) AppleWebKit/605.1.15 (KHTML, like Gecko) Version/18.5 Mobile/15E148 Safari/604.1",Santa Clara,United States,US,North America,NA,95054,37.3931,-121.962,20,America/Los_Angeles,CA,California,GeoIP (019be95e-8fc1-0000-693d-22902402a2b8),False,2026-03-30 03:34:34.659000+00:00,296666,164,,2026-03-30 03:34:39.464000+00:00,full,,,,,,,,1,896,1,0,896,/stories,1,1,0,883.315,019d3cc1-3b80-7942-a1c2-8053403447f1,BrushBuddy - Kids Brushing App,,,,,,,,,,,,,,,,,,,,,,,,,,,,,,,,,,,,,,,,,,,,,,,,,,,,,,,,,,,,,,,,,,,,,,,,,,,,,,,,,,,,,,,,,,,,,,,,,,,,,,,,,,,,,,,,,,,,,,,,,,,,,,,,,,,,,,,,,,,,,,,,,,,,,,,,,,,,,,,,,,,,,,,,,,,,,,,,,,,,,,,,,,,,,,,,,,,,,,,,,,,,,,,,,,,,,,,,,,,,,,,,,,,,,,,,,,,,,,,,,,,,,,,,,,,,,,,,,,,,,,,,,,,,,,,,$pageview,6@qq.com,34e80489-22e5-531b-b877-1e581c04d878,164,http://localhost:5173/create,web,2026-03-30 03:34:34.659000+00:00
019d3cce-b583-7614-9a3c-ff199d3e03e7,$autocapture,-480,164,18.5.0,18.5,896,False,iPhone,False,,phc_JvOxmPdgICJ99RrNk2sSOsqNhVt0HJkw9yAZcvYxl0Y,unset,$direct,019d3cc0-4589-784e-9862-b74704373751,Asia/Shanghai,019d3cc1-3b80-7942-a1c2-8053403447f1,99,e7885be3-e4b2-435e-a0dd-97d1a06d57f7,zh,localhost:5173,414,zh-CN,1.334.1,019d3cc0-4589-784e-9862-b748d9c86108,False,0,True,http://localhost:5173/stories,019d34c1-1aa6-722e-8668-f477eef75b2a,1800000,2026-03-30T03:19:17.889Z,iOS,896,web,$direct,Mobile,414,eposg61ht34dgh23,disabled,164,Mobile Safari,synchronous,0,/stories,"Mozilla/5.0 (iPhone; CPU iPhone OS 18_5 like Mac OS X) AppleWebKit/605.1.15 (KHTML, like Gecko) Version/18.5 Mobile/15E148 Safari/604.1",1774840784062,False,False,1774841673.093,2604:a880:4:1d0:0:2:64bd:0,2026-03-30T03:34:36.097Z,Santa Clara,,,,California,CA,United States,US,North America,NA,95054,37.3931,-121.962,20,America/Los_Angeles,Mobile Safari,18.5,Mobile,http://localhost:5173/stories,/stories,iOS,18.5.0,$direct,$direct,896,414,896,414,"Mozilla/5.0 (iPhone; CPU iPhone OS 18_5 like Mac OS X) AppleWebKit/605.1.15 (KHTML, like Gecko) Version/18.5 Mobile/15E148 Safari/604.1",Santa Clara,,,,California,CA,United States,US,North America,NA,95054,37.3931,-121.962,20,America/Los_Angeles,Mobile Safari,18.5,Mobile,http://localhost:5173/stories,/stories,iOS,18.5.0,$direct,$direct,896,414,896,414,"Mozilla/5.0 (iPhone; CPU iPhone OS 18_5 like Mac OS X) AppleWebKit/605.1.15 (KHTML, like Gecko) Version/18.5 Mobile/15E148 Safari/604.1",Santa Clara,United States,US,North America,NA,95054,37.3931,-121.962,20,America/Los_Angeles,CA,California,GeoIP (019be95e-8fc1-0000-693d-22902402a2b8),False,2026-03-30 03:34:34.547000+00:00,296666,164,"img.create-btn-img:attr__alt=""Create""attr__class=""create-btn-img""attr__data-v-3f74a172=""""attr__src=""/images/%E7%BB%98%E6%9C%AC%E5%B9%BF%E5%9C%BA/Group%201321316051.png""nth-child=""1""nth-of-type=""1"";button.create-button:attr__class=""create-button""attr__data-v-3f74a172=""""nth-child=""2""nth-of-type=""1"";div.mobile-wrapper:attr__class=""mobile-wrapper""attr__data-v-3f74a172=""""nth-child=""1""nth-of-type=""1"";div.stories-container:attr__class=""stories-container""attr__data-v-3f74a172=""""attr__data-v-ccff5985=""""nth-child=""1""nth-of-type=""1"";div.content-area.has-bottom-nav:attr__class=""content-area has-bottom-nav""attr__data-v-ccff5985=""""nth-child=""1""nth-of-type=""1"";div.main-layout:attr__class=""main-layout""attr__data-v-ccff5985=""""nth-child=""1""nth-of-type=""1"";div:attr__data-v-app=""""attr__id=""app""attr_id=""app""nth-child=""1""nth-of-type=""1"";body:attr__style=""font-size: 24px;""attr__youdao=""bind""nth-child=""3""nth-of-type=""1""",2026-03-30 03:34:39.456000+00:00,full,,,,,,,,,,,,,,,,,,,,click,1,,img,create-btn-img,,,,1,create-btn-img,,,0,,button,create-button,,,,,create-button,,,1,,div,mobile-wrapper,,,,,mobile-wrapper,,,2,,div,stories-container,,,,1,stories-container,,,3,,div,content-area,,,,,content-area has-bottom-nav,"""nth-child=",1,4,,div,,,,,,,,5,,div,,,,1,1,,,6,,Create,,,,,,,,,,,,1,,,,,,,,,,,,,,,,,,,1,,1,,main-layout,main-layout,"""nth-child=",1,"""attr__id=",app,,body,,,,3,1,font-size: 24px;,bind,7,,,,,,,,,,,,,,,,,,,,,,,,,,,,,,,,,,,,,,,,,,,,,,,,,,,,has-bottom-nav,,,,,,,,,,,,,,,,,,,,,,,,,,,,,,,,,,,,,,,,,,,,,,,,,,,,,,,,,,,,,,,,"""attr__src=",1,"""nth-child=","""nth-child=","""attr__data-v-ccff5985=",,,,,,,,,,,,,,,,,,,,,,,$autocapture,6@qq.com,34e80489-22e5-531b-b877-1e581c04d878,164,http://localhost:5173/stories,web,2026-03-30 03:34:34.547000+00:00
019d3cc1-3b80-7942-a1c2-8053403447f1,$pageview,-480,164,18.5.0,18.5,896,False,iPhone,False,,phc_JvOxmPdgICJ99RrNk2sSOsqNhVt0HJkw9yAZcvYxl0Y,unset,$direct,019d3cc0-4589-784e-9862-b74704373751,Asia/Shanghai,019d3cc1-3b80-7942-a1c2-8053403447f1,98.23,e7885be3-e4b2-435e-a0dd-97d1a06d57f7,zh,localhost:5173,414,zh-CN,1.334.1,019d3cc0-4589-784e-9862-b748d9c86108,False,0,True,http://localhost:5173/stories,019d34c1-1aa6-722e-8668-f477eef75b2a,1800000,2026-03-30T03:19:17.889Z,iOS,896,web,$direct,Mobile,414,d10fe104up4yldm0,disabled,164,Mobile Safari,synchronous,0,/stories,"Mozilla/5.0 (iPhone; CPU iPhone OS 18_5 like Mac OS X) AppleWebKit/605.1.15 (KHTML, like Gecko) Version/18.5 Mobile/15E148 Safari/604.1",1774840784062,False,False,1774840789.888,2604:a880:4:1d0:0:2:64bd:0,2026-03-30T03:19:53.478Z,Santa Clara,,,,California,CA,United States,US,North America,NA,95054,37.3931,-121.962,20,America/Los_Angeles,Mobile Safari,18.5,Mobile,http://localhost:5173/stories,/stories,iOS,18.5.0,$direct,$direct,896,414,896,414,"Mozilla/5.0 (iPhone; CPU iPhone OS 18_5 like Mac OS X) AppleWebKit/605.1.15 (KHTML, like Gecko) Version/18.5 Mobile/15E148 Safari/604.1",Santa Clara,,,,California,CA,United States,US,North America,NA,95054,37.3931,-121.962,20,America/Los_Angeles,Mobile Safari,18.5,Mobile,http://localhost:5173/stories,/stories,iOS,18.5.0,$direct,$direct,896,414,896,414,"Mozilla/5.0 (iPhone; CPU iPhone OS 18_5 like Mac OS X) AppleWebKit/605.1.15 (KHTML, like Gecko) Version/18.5 Mobile/15E148 Safari/604.1",Santa Clara,United States,US,North America,NA,95054,37.3931,-121.962,20,America/Los_Angeles,CA,California,GeoIP (019be95e-8fc1-0000-693d-22902402a2b8),False,2026-03-30 03:19:50.152000+00:00,296666,164,,2026-03-30 03:19:57.133000+00:00,full,,,,,,,,1,896,1,0,896,/,1,1,0,3.389,019d3cc1-2e43-78c8-95ce-93d63772411d,BrushBuddy - Kids Brushing App,,,,,,,,,,,,,,,,,,,,,,,,,,,,,,,,,,,,,,,,,,,,,,,,,,,,,,,,,,,,,,,,,,,,,,,,,,,,,,,,,,,,,,,,,,,,,,,,,,,,,,,,,,,,,,,,,,,,,,,,,,,,,,,,,,,,,,,,,,,,,,,,,,,,,,,,,,,,,,,,,,,,,,,,,,,,,,,,,,,,,,,,,,,,,,,,,,,,,,,,,,,,,,,,,,,,,,,,,,,,,,,,,,,,,,,,,,,,,,,,,,,,,,,,,,,,,,,,,,,,,,,,,,,,,,,,$pageview,6@qq.com,34e80489-22e5-531b-b877-1e581c04d878,164,http://localhost:5173/stories,web,2026-03-30 03:19:50.152000+00:00
019d3cc1-3b69-72bf-8201-fda116b5c234,$autocapture,-480,164,18.5.0,18.5,896,False,iPhone,False,,phc_JvOxmPdgICJ99RrNk2sSOsqNhVt0HJkw9yAZcvYxl0Y,unset,$direct,019d3cc0-4589-784e-9862-b74704373751,Asia/Shanghai,019d3cc1-2e43-78c8-95ce-93d63772411d,99,e7885be3-e4b2-435e-a0dd-97d1a06d57f7,zh,localhost:5173,414,zh-CN,1.334.1,019d3cc0-4589-784e-9862-b748d9c86108,False,0,True,http://localhost:5173/,019d34c1-1aa6-722e-8668-f477eef75b2a,1800000,2026-03-30T03:19:17.889Z,iOS,896,web,$direct,Mobile,414,epgbntqdmmw543u1,disabled,164,Mobile Safari,synchronous,0,/,"Mozilla/5.0 (iPhone; CPU iPhone OS 18_5 like Mac OS X) AppleWebKit/605.1.15 (KHTML, like Gecko) Version/18.5 Mobile/15E148 Safari/604.1",1774840784062,False,False,1774840789.866,2604:a880:4:1d0:0:2:64bd:0,2026-03-30T03:19:53.478Z,Santa Clara,,,,California,CA,United States,US,North America,NA,95054,37.3931,-121.962,20,America/Los_Angeles,Mobile Safari,18.5,Mobile,http://localhost:5173/,/,iOS,18.5.0,$direct,$direct,896,414,896,414,"Mozilla/5.0 (iPhone; CPU iPhone OS 18_5 like Mac OS X) AppleWebKit/605.1.15 (KHTML, like Gecko) Version/18.5 Mobile/15E148 Safari/604.1",Santa Clara,,,,California,CA,United States,US,North America,NA,95054,37.3931,-121.962,20,America/Los_Angeles,Mobile Safari,18.5,Mobile,http://localhost:5173/,/,iOS,18.5.0,$direct,$direct,896,414,896,414,"Mozilla/5.0 (iPhone; CPU iPhone OS 18_5 like Mac OS X) AppleWebKit/605.1.15 (KHTML, like Gecko) Version/18.5 Mobile/15E148 Safari/604.1",Santa Clara,United States,US,North America,NA,95054,37.3931,-121.962,20,America/Los_Angeles,CA,California,GeoIP (019be95e-8fc1-0000-693d-22902402a2b8),False,2026-03-30 03:19:50.129000+00:00,296666,164,"path:attr__d=""M6.5 2H20v20H6.5A2.5 2.5 0 0 1 4 19.5v-15A2.5 2.5 0 0 1 6.5 2z""attr__data-v-52b55215=""""attr__href=""/stories""href=""/stories""nth-child=""2""nth-of-type=""2"";svg:attr__data-v-52b55215=""""attr__fill=""none""attr__height=""24""attr__stroke=""currentColor""attr__stroke-width=""2""attr__viewBox=""0 0 24 24""attr__width=""24""nth-child=""1""nth-of-type=""1"";a.nav-item:attr__class=""nav-item""attr__data-v-52b55215=""""attr__href=""/stories""href=""/stories""nth-child=""3""nth-of-type=""3""text=""Stories"";nav.bottom-nav:attr__class=""bottom-nav""attr__data-v-52b55215=""""attr__data-v-ccff5985=""""nth-child=""2""nth-of-type=""1"";div.main-layout:attr__class=""main-layout""attr__data-v-ccff5985=""""nth-child=""1""nth-of-type=""1"";div:attr__data-v-app=""""attr__id=""app""attr_id=""app""nth-child=""1""nth-of-type=""1"";body:attr__style=""font-size: 24px;""attr__youdao=""bind""nth-child=""3""nth-of-type=""1""",2026-03-30 03:19:57.123000+00:00,full,,,,,,,,,,,,,,,,,,,,click,1,,path,,,,2,2,,,,0,,svg,,,,1,1,,,,1,Stories,a,nav-item,,,3,3,nav-item,,,2,,nav,bottom-nav,,,,1,bottom-nav,,,3,,div,main-layout,,,,,main-layout,"""nth-child=",1,4,,div,,,,1,1,"""attr__id=",app,5,,body,,,,3,1,font-size: 24px;,bind,6,,,,,,,,,"""attr__href=",,"""attr__fill=",,,,,,,,,,,M6.5 2H20v20H6.5A2.5 2.5 0 0 1 4 19.5v-15A2.5 2.5 0 0 1 6.5 2z,/stories,,24,currentColor,2,0 0 24 24,24,"""attr__href=",/stories,"""attr__data-v-ccff5985=",2,,,,,,,,,,,,,,,,,,,,,,,,,,,,,,,,,,,,,,,,,,,,,,,,,,,,,,,,,,,,,,,,,,,,,,,,,,,,,,,,,,,,,,,,,,,,,,,,,,,,,,,,,,,,,,,,,,,,,,,,,,,,,,,,,,,,,,,,,,,,,,,,,,,,,,,,,,,,,,,,,,$autocapture,6@qq.com,34e80489-22e5-531b-b877-1e581c04d878,164,http://localhost:5173/,web,2026-03-30 03:19:50.129000+00:00
019d3cc1-2f43-763f-a613-49f0edea6f75,home_page_viewed,-480,164,18.5,604.1,896,False,iPhone,False,,phc_JvOxmPdgICJ99RrNk2sSOsqNhVt0HJkw9yAZcvYxl0Y,unset,$direct,019d3cc0-4589-784e-9862-b74704373751,Asia/Shanghai,019d3cc1-2e43-78c8-95ce-93d63772411d,99,e7885be3-e4b2-435e-a0dd-97d1a06d57f7,zh,localhost:5173,414,zh-CN,1.334.1,019d3cc0-4589-784e-9862-b748d9c86108,False,0,True,http://localhost:5173/,019d34c1-1aa6-722e-8668-f477eef75b2a,1800000,2026-03-30T03:19:17.889Z,iOS,896,web,$direct,mobile,414,u00gu6y2yr4he9dy,disabled,164,Safari,synchronous,0,/,"Mozilla/5.0 (iPhone; CPU iPhone OS 18_5 like Mac OS X) AppleWebKit/605.1.15 (KHTML, like Gecko) Version/18.5 Mobile/15E148 Safari/604.1",1774840784062,False,False,1774840786.756,2604:a880:4:1d0:0:2:64bd:0,2026-03-30T03:19:49.457Z,Santa Clara,,,,California,CA,United States,US,North America,NA,95054,37.3931,-121.962,20,America/Los_Angeles,Safari,604.1,mobile,http://localhost:5173/,/,iOS,18.5,$direct,$direct,896,414,896,414,"Mozilla/5.0 (iPhone; CPU iPhone OS 18_5 like Mac OS X) AppleWebKit/605.1.15 (KHTML, like Gecko) Version/18.5 Mobile/15E148 Safari/604.1",Santa Clara,,,,California,CA,United States,US,North America,NA,95054,37.3931,-121.962,20,America/Los_Angeles,Safari,604.1,mobile,http://localhost:5173/,/,iOS,18.5,$direct,$direct,896,414,896,414,"Mozilla/5.0 (iPhone; CPU iPhone OS 18_5 like Mac OS X) AppleWebKit/605.1.15 (KHTML, like Gecko) Version/18.5 Mobile/15E148 Safari/604.1",Santa Clara,United States,US,North America,NA,95054,37.3931,-121.962,20,America/Los_Angeles,CA,California,GeoIP (019be95e-8fc1-0000-693d-22902402a2b8),False,2026-03-30 03:19:48.007000+00:00,296666,164,,2026-03-30 03:19:56.933000+00:00,full,,,,,,,,,,,,,,,,,,,,,,,,,,,,,,,,,,,,,,,,,,,,,,,,,,,,,,,,,,,,,,,,,,,,,,,,,,,,,,,,,,,,,,,,,,,,,,,,,,,,,,,,,,,,,,,,,,,,,,,,,,,,,,,,,,,,,,,,,,,,,,,,,,,,,,,,,,,,,,,,,,,,,,,,,,,,,,,,,,,,,,,,,,,,,,,,,,,,,,,,,,,,,,,,,,,,,,,,,,,,,,,,,,,,,,,,,,,,,,,,,,,,,,,,,,,,,,,,,,,,,,,,,,,,,,,,,,,,,,,,,,,,,,,,,,,home_page_viewed,6@qq.com,34e80489-22e5-531b-b877-1e581c04d878,164,http://localhost:5173/,web,2026-03-30 03:19:48.007000+00:00
019d3cc1-2e43-78c8-95ce-93d63772411d,$pageview,-480,164,18.5.0,18.5,896,False,iPhone,False,,phc_JvOxmPdgICJ99RrNk2sSOsqNhVt0HJkw9yAZcvYxl0Y,unset,$direct,019d3cc0-4589-784e-9862-b74704373751,Asia/Shanghai,019d3cc1-2e43-78c8-95ce-93d63772411d,98.49,e7885be3-e4b2-435e-a0dd-97d1a06d57f7,zh,localhost:5173,414,zh-CN,1.334.1,019d3cc0-4589-784e-9862-b748d9c86108,False,0,True,http://localhost:5173/,019d34c1-1aa6-722e-8668-f477eef75b2a,1800000,2026-03-30T03:19:17.889Z,iOS,896,web,$direct,Mobile,414,tpy6z9aaw6begc0v,disabled,164,Mobile Safari,synchronous,0,/,"Mozilla/5.0 (iPhone; CPU iPhone OS 18_5 like Mac OS X) AppleWebKit/605.1.15 (KHTML, like Gecko) Version/18.5 Mobile/15E148 Safari/604.1",1774840784062,False,False,1774840786.499,2604:a880:4:1d0:0:2:64bd:0,2026-03-30T03:19:49.457Z,Santa Clara,,,,California,CA,United States,US,North America,NA,95054,37.3931,-121.962,20,America/Los_Angeles,Mobile Safari,18.5,Mobile,http://localhost:5173/,/,iOS,18.5.0,$direct,$direct,896,414,896,414,"Mozilla/5.0 (iPhone; CPU iPhone OS 18_5 like Mac OS X) AppleWebKit/605.1.15 (KHTML, like Gecko) Version/18.5 Mobile/15E148 Safari/604.1",Santa Clara,,,,California,CA,United States,US,North America,NA,95054,37.3931,-121.962,20,America/Los_Angeles,Mobile Safari,18.5,Mobile,http://localhost:5173/,/,iOS,18.5.0,$direct,$direct,896,414,896,414,"Mozilla/5.0 (iPhone; CPU iPhone OS 18_5 like Mac OS X) AppleWebKit/605.1.15 (KHTML, like Gecko) Version/18.5 Mobile/15E148 Safari/604.1",Santa Clara,United States,US,North America,NA,95054,37.3931,-121.962,20,America/Los_Angeles,CA,California,GeoIP (019be95e-8fc1-0000-693d-22902402a2b8),False,2026-03-30 03:19:47.751000+00:00,296666,164,,2026-03-30 03:19:56.849000+00:00,full,,,,,,,,1,896,1,0,896,/onboarding,1,1,0,2.852,019d3cc1-231f-7708-8556-b28387ffb9d7,BrushBuddy - Kids Brushing App,,,,,,,,,,,,,,,,,,,,,,,,,,,,,,,,,,,,,,,,,,,,,,,,,,,,,,,,,,,,,,,,,,,,,,,,,,,,,,,,,,,,,,,,,,,,,,,,,,,,,,,,,,,,,,,,,,,,,,,,,,,,,,,,,,,,,,,,,,,,,,,,,,,,,,,,,,,,,,,,,,,,,,,,,,,,,,,,,,,,,,,,,,,,,,,,,,,,,,,,,,,,,,,,,,,,,,,,,,,,,,,,,,,,,,,,,,,,,,,,,,,,,,,,,,,,,,,,,,,,,,,,,,,,,,,,$pageview,6@qq.com,34e80489-22e5-531b-b877-1e581c04d878,164,http://localhost:5173/,web,2026-03-30 03:19:47.751000+00:00
019d3cc1-2e12-70e3-9a53-507e23f340af,$autocapture,-480,164,18.5.0,18.5,896,False,iPhone,False,,phc_JvOxmPdgICJ99RrNk2sSOsqNhVt0HJkw9yAZcvYxl0Y,unset,$direct,019d3cc0-4589-784e-9862-b74704373751,Asia/Shanghai,019d3cc1-231f-7708-8556-b28387ffb9d7,99,e7885be3-e4b2-435e-a0dd-97d1a06d57f7,zh,localhost:5173,414,zh-CN,1.334.1,019d3cc0-4589-784e-9862-b748d9c86108,False,0,True,http://localhost:5173/onboarding,019d34c1-1aa6-722e-8668-f477eef75b2a,1800000,2026-03-30T03:19:17.889Z,iOS,896,web,$direct,Mobile,414,lzcm7vyif3ye2lts,disabled,164,Mobile Safari,synchronous,0,/onboarding,"Mozilla/5.0 (iPhone; CPU iPhone OS 18_5 like Mac OS X) AppleWebKit/605.1.15 (KHTML, like Gecko) Version/18.5 Mobile/15E148 Safari/604.1",1774840784062,False,False,1774840786.451,2604:a880:4:1d0:0:2:64bd:0,2026-03-30T03:19:49.457Z,Santa Clara,,,,California,CA,United States,US,North America,NA,95054,37.3931,-121.962,20,America/Los_Angeles,Mobile Safari,18.5,Mobile,http://localhost:5173/onboarding,/onboarding,iOS,18.5.0,$direct,$direct,896,414,896,414,"Mozilla/5.0 (iPhone; CPU iPhone OS 18_5 like Mac OS X) AppleWebKit/605.1.15 (KHTML, like Gecko) Version/18.5 Mobile/15E148 Safari/604.1",Santa Clara,,,,California,CA,United States,US,North America,NA,95054,37.3931,-121.962,20,America/Los_Angeles,Mobile Safari,18.5,Mobile,http://localhost:5173/onboarding,/onboarding,iOS,18.5.0,$direct,$direct,896,414,896,414,"Mozilla/5.0 (iPhone; CPU iPhone OS 18_5 like Mac OS X) AppleWebKit/605.1.15 (KHTML, like Gecko) Version/18.5 Mobile/15E148 Safari/604.1",Santa Clara,United States,US,North America,NA,95054,37.3931,-121.962,20,America/Los_Angeles,CA,California,GeoIP (019be95e-8fc1-0000-693d-22902402a2b8),False,2026-03-30 03:19:47.702000+00:00,296666,164,"button.skip-button:attr__class=""skip-button""attr__data-v-be159bb9=""""nth-child=""3""nth-of-type=""1""text=""Skip"";div.mobile-wrapper:attr__class=""mobile-wrapper""attr__data-v-be159bb9=""""nth-child=""1""nth-of-type=""1"";div.onboarding-container:attr__class=""onboarding-container""attr__data-v-be159bb9=""""nth-child=""1""nth-of-type=""1"";div:nth-child=""1""nth-of-type=""1"";div:attr__data-v-app=""""attr__id=""app""attr_id=""app""nth-child=""1""nth-of-type=""1"";body:attr__style=""font-size: 24px;""attr__youdao=""bind""nth-child=""3""nth-of-type=""1""",2026-03-30 03:19:56.621000+00:00,full,,,,,,,,,,,,,,,,,,,,click,1,Skip,button,skip-button,,,,,skip-button,,,0,,div,mobile-wrapper,,,,,mobile-wrapper,,1,1,,div,onboarding-container,,,,,onboarding-container,,,2,,div,,,,1,1,,,,3,,div,,,,1,1,,,,4,,body,,,,3,1,,,5,,,,,,,,,,,,,,,,,,Skip,,,,,,1,,,,,,,,,,,,,,,,,,,,,,,,,,,,,,,,,,,,,,,,,,,,,,,,,,,,,,,,,,,,,,,,,,,,,,,,,,,,,,,,,,,,,,,,,,,,,,,,,,,,,,,,,,,,,,,,,,,,,,,,,,,,,,,,,,,,,,,,,,,,,,,,,,,,,,,,,,,,,,,"""nth-child=",1,"""nth-child=","""nth-child=","""attr__id=",app,font-size: 24px;,bind,,,,,,,,,,,,,,,$autocapture,6@qq.com,34e80489-22e5-531b-b877-1e581c04d878,164,http://localhost:5173/onboarding,web,2026-03-30 03:19:47.702000+00:00
019d3cc1-231f-7708-8556-b28387ffb9d7,$pageview,-480,164,18.5.0,18.5,896,False,iPhone,False,,phc_JvOxmPdgICJ99RrNk2sSOsqNhVt0HJkw9yAZcvYxl0Y,unset,$direct,019d3cc0-4589-784e-9862-b74704373751,Asia/Shanghai,019d3cc1-231f-7708-8556-b28387ffb9d7,99,6ddc7b7c-0e68-4e33-8bd5-c55132a93f21,zh,localhost:5173,414,zh-CN,1.334.1,019d3cc0-4589-784e-9862-b748d9c86108,False,0,True,http://localhost:5173/onboarding,019d34c1-1aa6-722e-8668-f477eef75b2a,1800000,2026-03-30T03:19:17.889Z,iOS,896,web,$direct,Mobile,414,0s6xplao3aplcj4o,disabled,164,Mobile Safari,synchronous,0,/onboarding,"Mozilla/5.0 (iPhone; CPU iPhone OS 18_5 like Mac OS X) AppleWebKit/605.1.15 (KHTML, like Gecko) Version/18.5 Mobile/15E148 Safari/604.1",1774840758049,False,False,1774840783.647,2604:a880:4:1d0:0:2:64bd:0,2026-03-30T03:19:45.657Z,Santa Clara,,,,California,CA,United States,US,North America,NA,95054,37.3931,-121.962,20,America/Los_Angeles,Mobile Safari,18.5,Mobile,http://localhost:5173/onboarding,/onboarding,iOS,18.5.0,$direct,$direct,896,414,896,414,"Mozilla/5.0 (iPhone; CPU iPhone OS 18_5 like Mac OS X) AppleWebKit/605.1.15 (KHTML, like Gecko) Version/18.5 Mobile/15E148 Safari/604.1",Santa Clara,,,,California,CA,United States,US,North America,NA,95054,37.3931,-121.962,20,America/Los_Angeles,Mobile Safari,18.5,Mobile,http://localhost:5173/onboarding,/onboarding,iOS,18.5.0,$direct,$direct,896,414,896,414,"Mozilla/5.0 (iPhone; CPU iPhone OS 18_5 like Mac OS X) AppleWebKit/605.1.15 (KHTML, like Gecko) Version/18.5 Mobile/15E148 Safari/604.1",Santa Clara,United States,US,North America,NA,95054,37.3931,-121.962,20,America/Los_Angeles,CA,California,GeoIP (019be95e-8fc1-0000-693d-22902402a2b8),False,2026-03-30 03:19:44.705000+00:00,296666,164,,2026-03-30 03:19:50.531000+00:00,full,,,,,,,,1,896,1,0,896,/login,1,1,0,24.117,019d3cc0-c4ea-7df8-9c8e-f9207d013db6,BrushBuddy - Kids Brushing App,,,,,,,,,,,,,,,,,,,,,,,,,,,,,,,,,,,,,,,,,,,,,,,,,,,,,,,,,,,,,,,,,,,,,,,,,,,,,,,,,,,,,,,,,,,,,,,,,,,,,,,,,,,,,,,,,,,,,,,,,,,,,,,,,,,,,,,,,,,,,,,,,,,,,,,,,,,,,,,,,,,,,,,,,,,,,,,,,,,,,,,,,,,,,,,,,,,,,,,,,,,,,,,,,,,,,,,,,,,,,,,,,,,,,,,,,,,,,,,,,,,,,,,,,,,,,,,,,,,,,,,,,,,,,,,,$pageview,6@qq.com,34e80489-22e5-531b-b877-1e581c04d878,164,http://localhost:5173/onboarding,web,2026-03-30 03:19:44.705000+00:00
019d3cc1-1f41-76d7-a28e-acb6e487cf4a,$autocapture,-480,161,18.5.0,18.5,896,False,iPhone,False,,phc_JvOxmPdgICJ99RrNk2sSOsqNhVt0HJkw9yAZcvYxl0Y,unset,$direct,019d3cc0-4589-784e-9862-b74704373751,Asia/Shanghai,019d3cc0-c4ea-7df8-9c8e-f9207d013db6,98.03,6ddc7b7c-0e68-4e33-8bd5-c55132a93f21,zh,localhost:5173,414,zh-CN,1.334.1,019d3cc0-4589-784e-9862-b748d9c86108,False,0,False,http://localhost:5173/login,019d34c1-1aa6-722e-8668-f477eef75b2a,1800000,2026-03-30T03:19:17.889Z,iOS,896,web,$direct,Mobile,414,cn2m3cm007a2fkpa,disabled,,Mobile Safari,synchronous,0,/login,"Mozilla/5.0 (iPhone; CPU iPhone OS 18_5 like Mac OS X) AppleWebKit/605.1.15 (KHTML, like Gecko) Version/18.5 Mobile/15E148 Safari/604.1",1774840758049,False,False,1774840782.657,2604:a880:4:1d0:0:2:64bd:0,2026-03-30T03:19:45.657Z,Santa Clara,,,,California,CA,United States,US,North America,NA,95054,37.3931,-121.962,20,America/Los_Angeles,Mobile Safari,18.5,Mobile,http://localhost:5173/login,/login,iOS,18.5.0,$direct,$direct,896,414,896,414,"Mozilla/5.0 (iPhone; CPU iPhone OS 18_5 like Mac OS X) AppleWebKit/605.1.15 (KHTML, like Gecko) Version/18.5 Mobile/15E148 Safari/604.1",Santa Clara,,,,California,CA,United States,US,North America,NA,95054,37.3931,-121.962,20,America/Los_Angeles,Mobile Safari,18.5,Mobile,http://localhost:5173/login,/login,iOS,18.5.0,$direct,$direct,896,414,896,414,"Mozilla/5.0 (iPhone; CPU iPhone OS 18_5 like Mac OS X) AppleWebKit/605.1.15 (KHTML, like Gecko) Version/18.5 Mobile/15E148 Safari/604.1",Santa Clara,United States,US,North America,NA,95054,37.3931,-121.962,20,America/Los_Angeles,CA,California,GeoIP (019be95e-8fc1-0000-693d-22902402a2b8),False,2026-03-30 03:19:43.715000+00:00,296666,161,"button.submit-button:attr__class=""submit-button""attr__data-v-69f7c28a=""""nth-child=""4""nth-of-type=""1""text=""Sign Up"";div.form-section:attr__class=""form-section""attr__data-v-69f7c28a=""""nth-child=""2""nth-of-type=""2"";div.mobile-wrapper:attr__class=""mobile-wrapper""attr__data-v-69f7c28a=""""nth-child=""1""nth-of-type=""1"";div.login-container:attr__class=""login-container""attr__data-v-69f7c28a=""""nth-child=""1""nth-of-type=""1"";div:nth-child=""1""nth-of-type=""1"";div:attr__data-v-app=""""attr__id=""app""attr_id=""app""nth-child=""1""nth-of-type=""1"";body:attr__style=""font-size: 24px;""attr__youdao=""bind""nth-child=""3""nth-of-type=""1""",2026-03-30 03:19:49.398000+00:00,full,,,,,,,,,,,,,,,,,,,,click,1,Sign Up,button,submit-button,,,,,submit-button,,,0,,div,form-section,,,,,form-section,,,1,,div,mobile-wrapper,,,,,mobile-wrapper,,,2,,div,login-container,,,,,login-container,,1,3,,div,,,,1,1,,,,4,,div,,,,1,1,"""attr__id=",app,5,,body,,,,3,1,font-size: 24px;,bind,6,,,,,,,,Sign Up,,,,,,1,,,,,,,,,,,,,,,,,,,,,2,,,,,,,,,,,,,,,,,,,,,,,,,,,,,,,,,,,,,,,,,,,,,,,,,,,,,,,,,,,,,,,,,,,,,,,,,,,,,,,,,,,,,,,,,,,,,,,,,,,,,,,,,,,,,,,,1,,,,,,,,,,,,,,,,,,,,,,,,,,,,,,,,,,"""nth-child=","""nth-child=","""nth-child=","""nth-child=",,,,,,,,,,,$autocapture,6@qq.com,34e80489-22e5-531b-b877-1e581c04d878,161,http://localhost:5173/login,web,2026-03-30 03:19:43.715000+00:00
019d3cc1-1f3e-7133-a2c0-710066a48f4f,$autocapture,-480,161,18.5.0,18.5,896,False,iPhone,False,,phc_JvOxmPdgICJ99RrNk2sSOsqNhVt0HJkw9yAZcvYxl0Y,unset,$direct,019d3cc0-4589-784e-9862-b74704373751,Asia/Shanghai,019d3cc0-c4ea-7df8-9c8e-f9207d013db6,99,6ddc7b7c-0e68-4e33-8bd5-c55132a93f21,zh,localhost:5173,414,zh-CN,1.334.1,019d3cc0-4589-784e-9862-b748d9c86108,False,0,False,http://localhost:5173/login,019d34c1-1aa6-722e-8668-f477eef75b2a,1800000,2026-03-30T03:19:17.889Z,iOS,896,web,$direct,Mobile,414,u10y64kgor5azeb2,disabled,,Mobile Safari,synchronous,0,/login,"Mozilla/5.0 (iPhone; CPU iPhone OS 18_5 like Mac OS X) AppleWebKit/605.1.15 (KHTML, like Gecko) Version/18.5 Mobile/15E148 Safari/604.1",1774840758049,False,False,1774840782.655,2604:a880:4:1d0:0:2:64bd:0,2026-03-30T03:19:45.657Z,Santa Clara,,,,California,CA,United States,US,North America,NA,95054,37.3931,-121.962,20,America/Los_Angeles,Mobile Safari,18.5,Mobile,http://localhost:5173/login,/login,iOS,18.5.0,$direct,$direct,896,414,896,414,"Mozilla/5.0 (iPhone; CPU iPhone OS 18_5 like Mac OS X) AppleWebKit/605.1.15 (KHTML, like Gecko) Version/18.5 Mobile/15E148 Safari/604.1",Santa Clara,,,,California,CA,United States,US,North America,NA,95054,37.3931,-121.962,20,America/Los_Angeles,Mobile Safari,18.5,Mobile,http://localhost:5173/login,/login,iOS,18.5.0,$direct,$direct,896,414,896,414,"Mozilla/5.0 (iPhone; CPU iPhone OS 18_5 like Mac OS X) AppleWebKit/605.1.15 (KHTML, like Gecko) Version/18.5 Mobile/15E148 Safari/604.1",Santa Clara,United States,US,North America,NA,95054,37.3931,-121.962,20,America/Los_Angeles,CA,California,GeoIP (019be95e-8fc1-0000-693d-22902402a2b8),False,2026-03-30 03:19:43.712000+00:00,296666,161,"input.text-input:attr__class=""text-input""nth-child=""2""nth-of-type=""1"";div.input-group:attr__class=""input-group""attr__data-v-69f7c28a=""""nth-child=""1""nth-of-type=""1"";div.form-section:attr__class=""form-section""attr__data-v-69f7c28a=""""nth-child=""2""nth-of-type=""2"";div.mobile-wrapper:attr__class=""mobile-wrapper""attr__data-v-69f7c28a=""""nth-child=""1""nth-of-type=""1"";div.login-container:attr__class=""login-container""attr__data-v-69f7c28a=""""nth-child=""1""nth-of-type=""1"";div:nth-child=""1""nth-of-type=""1"";div:attr__data-v-app=""""attr__id=""app""attr_id=""app""nth-child=""1""nth-of-type=""1"";body:attr__style=""font-size: 24px;""attr__youdao=""bind""nth-child=""3""nth-of-type=""1""",2026-03-30 03:19:49.254000+00:00,full,,,,,,,,,,,,,,,,,,,,change,1,,input,text-input,,,2,1,text-input,,,0,,div,input-group,,,,,input-group,,1,1,,div,form-section,,,,,form-section,,,2,,div,mobile-wrapper,,,,,mobile-wrapper,,1,3,,div,login-container,,,,,login-container,,1,4,,div,,,,1,1,,,5,,div,,,,1,1,,,6,,,,,,,,,,,,,,,,,,,,,,,,,,,,,,,,,,,,,,,,,"""attr__id=",app,,body,,,,3,1,font-size: 24px;,bind,7,,,,,,,,,,,,,,,,,,,,,,,,,,,,,,,,,,,,,,,,,,,,,,,,,,,,,,,,,,,,,,,,,,,,,,,,,,,,,,,,,,,,,,,,,,,,,,,,,,,,,,,,,,,,,,,,,2,,,,,,,,,,,,,,,,,"""nth-child=","""nth-child=","""nth-child=","""nth-child=",,,,,,,,,,$autocapture,6@qq.com,34e80489-22e5-531b-b877-1e581c04d878,161,http://localhost:5173/login,web,2026-03-30 03:19:43.712000+00:00
019d3cc1-210a-7108-af06-62fc6d3ba2b8,$identify,-480,164,18.5.0,18.5,896,False,iPhone,False,,phc_JvOxmPdgICJ99RrNk2sSOsqNhVt0HJkw9yAZcvYxl0Y,unset,$direct,019d3cc0-4589-784e-9862-b74704373751,Asia/Shanghai,019d3cc0-c4ea-7df8-9c8e-f9207d013db6,99,6ddc7b7c-0e68-4e33-8bd5-c55132a93f21,zh,localhost:5173,414,zh-CN,1.334.1,019d3cc0-4589-784e-9862-b748d9c86108,False,0,True,http://localhost:5173/login,019d34c1-1aa6-722e-8668-f477eef75b2a,1800000,2026-03-30T03:19:17.889Z,iOS,896,web,$direct,Mobile,414,9j559d4bt09s4iy8,disabled,164,Mobile Safari,synchronous,0,/login,"Mozilla/5.0 (iPhone; CPU iPhone OS 18_5 like Mac OS X) AppleWebKit/605.1.15 (KHTML, like Gecko) Version/18.5 Mobile/15E148 Safari/604.1",1774840758049,False,False,1774840783.114,2604:a880:4:1d0:0:2:64bd:0,2026-03-30T03:19:43.114Z,Santa Clara,,,,California,CA,United States,US,North America,NA,95054,37.3931,-121.962,20,America/Los_Angeles,Mobile Safari,18.5,Mobile,http://localhost:5173/login,/login,iOS,18.5.0,$direct,$direct,896,414,896,414,"Mozilla/5.0 (iPhone; CPU iPhone OS 18_5 like Mac OS X) AppleWebKit/605.1.15 (KHTML, like Gecko) Version/18.5 Mobile/15E148 Safari/604.1",Santa Clara,,,,California,CA,United States,US,North America,NA,95054,37.3931,-121.962,20,America/Los_Angeles,Mobile Safari,18.5,Mobile,http://localhost:5173/login,/login,iOS,18.5.0,$direct,$direct,896,414,896,414,"Mozilla/5.0 (iPhone; CPU iPhone OS 18_5 like Mac OS X) AppleWebKit/605.1.15 (KHTML, like Gecko) Version/18.5 Mobile/15E148 Safari/604.1",Santa Clara,United States,US,North America,NA,95054,37.3931,-121.962,20,America/Los_Angeles,CA,California,GeoIP (019be95e-8fc1-0000-693d-22902402a2b8),False,2026-03-30 03:19:43.311000+00:00,296666,164,,2026-03-30 03:19:48.425000+00:00,full,,,,,,,,,,,,,,,,,,,,,,,,,,,,,,,,,,,,,,,,,,,,,,,,,,,,,,,,,,,,,,,,,,,,,,,,,,,,,,,,,,,,,,,,,,,,,,,,,,,,,,,,,,,,,,,,,,,,,,,,,,,,,,,,,,,,,,,,,,,,,,,,,,,,,,,,,,,,,,,,,,,,,,,,,,,,,,,,,,,,,,,,,,,,,,,,,,,,,,,,,,,,,,,,,,,,,,,,,,,,,,,,,,,,,,,,,,,,,,,,,,,,,,,,,,,,,,,,,,,,,,,,,,,,,,,,,,,,,,,,,,161,6@qq.com,oid,,,,,,,$identify,6@qq.com,34e80489-22e5-531b-b877-1e581c04d878,164,http://localhost:5173/login,web,2026-03-30 03:19:43.311000+00:00
019d3cc1-1a24-7173-b820-3396db223bf2,$autocapture,-480,161,18.5.0,18.5,896,False,iPhone,False,,phc_JvOxmPdgICJ99RrNk2sSOsqNhVt0HJkw9yAZcvYxl0Y,unset,$direct,019d3cc0-4589-784e-9862-b74704373751,Asia/Shanghai,019d3cc0-c4ea-7df8-9c8e-f9207d013db6,99,6ddc7b7c-0e68-4e33-8bd5-c55132a93f21,zh,localhost:5173,414,zh-CN,1.334.1,019d3cc0-4589-784e-9862-b748d9c86108,False,0,False,http://localhost:5173/login,019d34c1-1aa6-722e-8668-f477eef75b2a,1800000,2026-03-30T03:19:17.889Z,iOS,896,web,$direct,Mobile,414,3t5cvdppxac49if5,disabled,,Mobile Safari,synchronous,0,/login,"Mozilla/5.0 (iPhone; CPU iPhone OS 18_5 like Mac OS X) AppleWebKit/605.1.15 (KHTML, like Gecko) Version/18.5 Mobile/15E148 Safari/604.1",1774840758049,False,False,1774840781.349,2604:a880:4:1d0:0:2:64bd:0,2026-03-30T03:19:42.531Z,Santa Clara,,,,California,CA,United States,US,North America,NA,95054,37.3931,-121.962,20,America/Los_Angeles,Mobile Safari,18.5,Mobile,http://localhost:5173/login,/login,iOS,18.5.0,$direct,$direct,896,414,896,414,"Mozilla/5.0 (iPhone; CPU iPhone OS 18_5 like Mac OS X) AppleWebKit/605.1.15 (KHTML, like Gecko) Version/18.5 Mobile/15E148 Safari/604.1",Santa Clara,,,,California,CA,United States,US,North America,NA,95054,37.3931,-121.962,20,America/Los_Angeles,Mobile Safari,18.5,Mobile,http://localhost:5173/login,/login,iOS,18.5.0,$direct,$direct,896,414,896,414,"Mozilla/5.0 (iPhone; CPU iPhone OS 18_5 like Mac OS X) AppleWebKit/605.1.15 (KHTML, like Gecko) Version/18.5 Mobile/15E148 Safari/604.1",Santa Clara,United States,US,North America,NA,95054,37.3931,-121.962,20,America/Los_Angeles,CA,California,GeoIP (019be95e-8fc1-0000-693d-22902402a2b8),False,2026-03-30 03:19:41.529000+00:00,296666,161,"input.text-input:attr__class=""text-input""nth-child=""2""nth-of-type=""1"";div.input-group:attr__class=""input-group""attr__data-v-69f7c28a=""""nth-child=""1""nth-of-type=""1"";div.form-section:attr__class=""form-section""attr__data-v-69f7c28a=""""nth-child=""2""nth-of-type=""2"";div.mobile-wrapper:attr__class=""mobile-wrapper""attr__data-v-69f7c28a=""""nth-child=""1""nth-of-type=""1"";div.login-container:attr__class=""login-container""attr__data-v-69f7c28a=""""nth-child=""1""nth-of-type=""1"";div:nth-child=""1""nth-of-type=""1"";div:attr__data-v-app=""""attr__id=""app""attr_id=""app""nth-child=""1""nth-of-type=""1"";body:attr__style=""font-size: 24px;""attr__youdao=""bind""nth-child=""3""nth-of-type=""1""",2026-03-30 03:19:46.905000+00:00,full,,,,,,,,,,,,,,,,,,,,click,1,,input,text-input,,,2,1,text-input,,,0,,div,input-group,,,,,input-group,,1,1,,div,form-section,,,,,form-section,,,2,,div,mobile-wrapper,,,,,mobile-wrapper,,1,3,,div,login-container,,,,,login-container,,1,4,,div,,,,1,1,,,5,,div,,,,1,1,,,6,,,,,,,,,,,,,,,,,,,,,,,,,,,,,,,,,,,,,,,,,"""attr__id=",app,,body,,,,3,1,font-size: 24px;,bind,7,,,,,,,,,,,,,,,,,,,,,,,,,,,,,,,,,,,,,,,,,,,,,,,,,,,,,,,,,,,,,,,,,,,,,,,,,,,,,,,,,,,,,,,,,,,,,,,,,,,,,,,,,,,,,,,,,2,,,,,,,,,,,,,,,,,"""nth-child=","""nth-child=","""nth-child=","""nth-child=",,,,,,,,,,$autocapture,4@qq.com,34e80489-22e5-531b-b877-1e581c04d878,161,http://localhost:5173/login,web,2026-03-30 03:19:41.529000+00:00
019d3cc1-1304-7476-a4f5-c7e2e1e14f17,$autocapture,-480,161,18.5.0,18.5,896,False,iPhone,False,,phc_JvOxmPdgICJ99RrNk2sSOsqNhVt0HJkw9yAZcvYxl0Y,unset,$direct,019d3cc0-4589-784e-9862-b74704373751,Asia/Shanghai,019d3cc0-c4ea-7df8-9c8e-f9207d013db6,99,6ddc7b7c-0e68-4e33-8bd5-c55132a93f21,zh,localhost:5173,414,zh-CN,1.334.1,019d3cc0-4589-784e-9862-b748d9c86108,False,0,False,http://localhost:5173/login,019d34c1-1aa6-722e-8668-f477eef75b2a,1800000,2026-03-30T03:19:17.889Z,iOS,896,web,$direct,Mobile,414,5somfokqajbo10bd,disabled,,Mobile Safari,synchronous,0,/login,"Mozilla/5.0 (iPhone; CPU iPhone OS 18_5 like Mac OS X) AppleWebKit/605.1.15 (KHTML, like Gecko) Version/18.5 Mobile/15E148 Safari/604.1",1774840758049,False,False,1774840779.525,2604:a880:4:1d0:0:2:64bd:0,2026-03-30T03:19:42.531Z,Santa Clara,,,,California,CA,United States,US,North America,NA,95054,37.3931,-121.962,20,America/Los_Angeles,Mobile Safari,18.5,Mobile,http://localhost:5173/login,/login,iOS,18.5.0,$direct,$direct,896,414,896,414,"Mozilla/5.0 (iPhone; CPU iPhone OS 18_5 like Mac OS X) AppleWebKit/605.1.15 (KHTML, like Gecko) Version/18.5 Mobile/15E148 Safari/604.1",Santa Clara,,,,California,CA,United States,US,North America,NA,95054,37.3931,-121.962,20,America/Los_Angeles,Mobile Safari,18.5,Mobile,http://localhost:5173/login,/login,iOS,18.5.0,$direct,$direct,896,414,896,414,"Mozilla/5.0 (iPhone; CPU iPhone OS 18_5 like Mac OS X) AppleWebKit/605.1.15 (KHTML, like Gecko) Version/18.5 Mobile/15E148 Safari/604.1",Santa Clara,United States,US,North America,NA,95054,37.3931,-121.962,20,America/Los_Angeles,CA,California,GeoIP (019be95e-8fc1-0000-693d-22902402a2b8),False,2026-03-30 03:19:39.705000+00:00,296666,161,"input.text-input:attr__class=""text-input""nth-child=""2""nth-of-type=""1"";div.input-group:attr__class=""input-group""attr__data-v-69f7c28a=""""nth-child=""2""nth-of-type=""2"";div.form-section:attr__class=""form-section""attr__data-v-69f7c28a=""""nth-child=""2""nth-of-type=""2"";div.mobile-wrapper:attr__class=""mobile-wrapper""attr__data-v-69f7c28a=""""nth-child=""1""nth-of-type=""1"";div.login-container:attr__class=""login-container""attr__data-v-69f7c28a=""""nth-child=""1""nth-of-type=""1"";div:nth-child=""1""nth-of-type=""1"";div:attr__data-v-app=""""attr__id=""app""attr_id=""app""nth-child=""1""nth-of-type=""1"";body:attr__style=""font-size: 24px;""attr__youdao=""bind""nth-child=""3""nth-of-type=""1""",2026-03-30 03:19:46.704000+00:00,full,,,,,,,,,,,,,,,,,,,,click,1,,input,text-input,,,2,1,text-input,,,0,,div,input-group,,,,,input-group,,,1,,div,form-section,,,,,form-section,,,2,,div,mobile-wrapper,,,,,mobile-wrapper,,1,3,,div,login-container,,,,,login-container,,1,4,,div,,,,1,1,,,5,,div,,,,1,1,,,6,,,,,,,,,,,,,,,,,,,,,,,,,,,,,,,,,,,2,,,,,,"""attr__id=",app,,body,,,,3,1,font-size: 24px;,bind,7,,,,,,,,,,,,,,,,,,,,,,,,,,,,,,,,,,,,,,,,,,,,,,,,,,,,,,,,,,,,,,,,,,,,,,,,,,,,,,,,,,,,,,,,,,,,,,,,,,,,,,,,,,,,,,,,,2,,,,,,,,,,,,,,,,,"""nth-child=","""nth-child=","""nth-child=","""nth-child=",,,,,,,,,,$autocapture,4@qq.com,34e80489-22e5-531b-b877-1e581c04d878,161,http://localhost:5173/login,web,2026-03-30 03:19:39.705000+00:00
019d3cc1-0138-75be-88c7-ff6fd754fbc2,$autocapture,-480,161,18.5.0,18.5,896,False,iPhone,False,,phc_JvOxmPdgICJ99RrNk2sSOsqNhVt0HJkw9yAZcvYxl0Y,unset,$direct,019d3cc0-4589-784e-9862-b74704373751,Asia/Shanghai,019d3cc0-c4ea-7df8-9c8e-f9207d013db6,99,6ddc7b7c-0e68-4e33-8bd5-c55132a93f21,zh,localhost:5173,414,zh-CN,1.334.1,019d3cc0-4589-784e-9862-b748d9c86108,False,0,False,http://localhost:5173/login,019d34c1-1aa6-722e-8668-f477eef75b2a,1800000,2026-03-30T03:19:17.889Z,iOS,896,web,$direct,Mobile,414,z2pq35x55wjmdwhd,disabled,,Mobile Safari,synchronous,0,/login,"Mozilla/5.0 (iPhone; CPU iPhone OS 18_5 like Mac OS X) AppleWebKit/605.1.15 (KHTML, like Gecko) Version/18.5 Mobile/15E148 Safari/604.1",1774840758049,False,False,1774840774.969,2604:a880:4:1d0:0:2:64bd:0,2026-03-30T03:19:36.209Z,Santa Clara,,,,California,CA,United States,US,North America,NA,95054,37.3931,-121.962,20,America/Los_Angeles,Mobile Safari,18.5,Mobile,http://localhost:5173/login,/login,iOS,18.5.0,$direct,$direct,896,414,896,414,"Mozilla/5.0 (iPhone; CPU iPhone OS 18_5 like Mac OS X) AppleWebKit/605.1.15 (KHTML, like Gecko) Version/18.5 Mobile/15E148 Safari/604.1",Santa Clara,,,,California,CA,United States,US,North America,NA,95054,37.3931,-121.962,20,America/Los_Angeles,Mobile Safari,18.5,Mobile,http://localhost:5173/login,/login,iOS,18.5.0,$direct,$direct,896,414,896,414,"Mozilla/5.0 (iPhone; CPU iPhone OS 18_5 like Mac OS X) AppleWebKit/605.1.15 (KHTML, like Gecko) Version/18.5 Mobile/15E148 Safari/604.1",Santa Clara,United States,US,North America,NA,95054,37.3931,-121.962,20,America/Los_Angeles,CA,California,GeoIP (019be95e-8fc1-0000-693d-22902402a2b8),False,2026-03-30 03:19:36.358000+00:00,296666,161,"input.text-input:attr__class=""text-input""nth-child=""2""nth-of-type=""1"";div.input-group:attr__class=""input-group""attr__data-v-69f7c28a=""""nth-child=""3""nth-of-type=""3"";div.form-section:attr__class=""form-section""attr__data-v-69f7c28a=""""nth-child=""2""nth-of-type=""2"";div.mobile-wrapper:attr__class=""mobile-wrapper""attr__data-v-69f7c28a=""""nth-child=""1""nth-of-type=""1"";div.login-container:attr__class=""login-container""attr__data-v-69f7c28a=""""nth-child=""1""nth-of-type=""1"";div:nth-child=""1""nth-of-type=""1"";div:attr__data-v-app=""""attr__id=""app""attr_id=""app""nth-child=""1""nth-of-type=""1"";body:attr__style=""font-size: 24px;""attr__youdao=""bind""nth-child=""3""nth-of-type=""1""",2026-03-30 03:19:40.864000+00:00,full,,,,,,,,,,,,,,,,,,,,click,1,,input,text-input,,,2,1,text-input,,,0,,div,input-group,,,,,input-group,,,1,,div,form-section,,,,,form-section,,,2,,div,mobile-wrapper,,,,,mobile-wrapper,,1,3,,div,login-container,,,,,login-container,,1,4,,div,,,,1,1,,,5,,div,,,,1,1,,,6,,,,,,,,,,,,,,,,,,,,,,,,,,,,,,,,,,,,,,,,,"""attr__id=",app,,body,,,,3,1,font-size: 24px;,bind,7,,,,,,,,,,,,,,,,,,,,,,,,,,,,,,,,,,,,,,,,,,,,,,,,,,,,,,,,,,,,,,,,,,,,,,,,,,,,,,,,,,,,,,,,,,,,,,,,,3,,,,,,,,,,,,,,,,2,,,,,,,,,,,,,,,,,"""nth-child=","""nth-child=","""nth-child=","""nth-child=",,,,,,,,,,$autocapture,4@qq.com,34e80489-22e5-531b-b877-1e581c04d878,161,http://localhost:5173/login,web,2026-03-30 03:19:36.358000+00:00
019d3cc1-0091-7da4-bcea-b52161917899,$autocapture,-480,161,18.5.0,18.5,896,False,iPhone,False,,phc_JvOxmPdgICJ99RrNk2sSOsqNhVt0HJkw9yAZcvYxl0Y,unset,$direct,019d3cc0-4589-784e-9862-b74704373751,Asia/Shanghai,019d3cc0-c4ea-7df8-9c8e-f9207d013db6,99,6ddc7b7c-0e68-4e33-8bd5-c55132a93f21,zh,localhost:5173,414,zh-CN,1.334.1,019d3cc0-4589-784e-9862-b748d9c86108,False,0,False,http://localhost:5173/login,019d34c1-1aa6-722e-8668-f477eef75b2a,1800000,2026-03-30T03:19:17.889Z,iOS,896,web,$direct,Mobile,414,zlc063xhbbxko8hd,disabled,,Mobile Safari,synchronous,0,/login,"Mozilla/5.0 (iPhone; CPU iPhone OS 18_5 like Mac OS X) AppleWebKit/605.1.15 (KHTML, like Gecko) Version/18.5 Mobile/15E148 Safari/604.1",1774840758049,False,False,1774840774.801,2604:a880:4:1d0:0:2:64bd:0,2026-03-30T03:19:36.209Z,Santa Clara,,,,California,CA,United States,US,North America,NA,95054,37.3931,-121.962,20,America/Los_Angeles,Mobile Safari,18.5,Mobile,http://localhost:5173/login,/login,iOS,18.5.0,$direct,$direct,896,414,896,414,"Mozilla/5.0 (iPhone; CPU iPhone OS 18_5 like Mac OS X) AppleWebKit/605.1.15 (KHTML, like Gecko) Version/18.5 Mobile/15E148 Safari/604.1",Santa Clara,,,,California,CA,United States,US,North America,NA,95054,37.3931,-121.962,20,America/Los_Angeles,Mobile Safari,18.5,Mobile,http://localhost:5173/login,/login,iOS,18.5.0,$direct,$direct,896,414,896,414,"Mozilla/5.0 (iPhone; CPU iPhone OS 18_5 like Mac OS X) AppleWebKit/605.1.15 (KHTML, like Gecko) Version/18.5 Mobile/15E148 Safari/604.1",Santa Clara,United States,US,North America,NA,95054,37.3931,-121.962,20,America/Los_Angeles,CA,California,GeoIP (019be95e-8fc1-0000-693d-22902402a2b8),False,2026-03-30 03:19:36.191000+00:00,296666,161,"input.text-input:attr__class=""text-input""nth-child=""2""nth-of-type=""1"";div.input-group:attr__class=""input-group""attr__data-v-69f7c28a=""""nth-child=""3""nth-of-type=""3"";div.form-section:attr__class=""form-section""attr__data-v-69f7c28a=""""nth-child=""2""nth-of-type=""2"";div.mobile-wrapper:attr__class=""mobile-wrapper""attr__data-v-69f7c28a=""""nth-child=""1""nth-of-type=""1"";div.login-container:attr__class=""login-container""attr__data-v-69f7c28a=""""nth-child=""1""nth-of-type=""1"";div:nth-child=""1""nth-of-type=""1"";div:attr__data-v-app=""""attr__id=""app""attr_id=""app""nth-child=""1""nth-of-type=""1"";body:attr__style=""font-size: 24px;""attr__youdao=""bind""nth-child=""3""nth-of-type=""1""",2026-03-30 03:19:40.836000+00:00,full,,,,,,,,,,,,,,,,,,,,click,1,,input,text-input,,,2,1,text-input,,,0,,div,input-group,,,,,input-group,,,1,,div,form-section,,,,,form-section,,,2,,div,mobile-wrapper,,,,,mobile-wrapper,,1,3,,div,login-container,,,,,login-container,,1,4,,div,,,,1,1,,,5,,div,,,,1,1,,,6,,,,,,,,,,,,,,,,,,,,,,,,,,,,,,,,,,,,,,,,,"""attr__id=",app,,body,,,,3,1,font-size: 24px;,bind,7,,,,,,,,,,,,,,,,,,,,,,,,,,,,,,,,,,,,,,,,,,,,,,,,,,,,,,,,,,,,,,,,,,,,,,,,,,,,,,,,,,,,,,,,,,,,,,,,,3,,,,,,,,,,,,,,,,2,,,,,,,,,,,,,,,,,"""nth-child=","""nth-child=","""nth-child=","""nth-child=",,,,,,,,,,$autocapture,4@qq.com,34e80489-22e5-531b-b877-1e581c04d878,161,http://localhost:5173/login,web,2026-03-30 03:19:36.191000+00:00
019d3cc0-faf0-73a9-887c-dc9c9afe2864,$autocapture,-480,161,18.5.0,18.5,896,False,iPhone,False,,phc_JvOxmPdgICJ99RrNk2sSOsqNhVt0HJkw9yAZcvYxl0Y,unset,$direct,019d3cc0-4589-784e-9862-b74704373751,Asia/Shanghai,019d3cc0-c4ea-7df8-9c8e-f9207d013db6,99,6ddc7b7c-0e68-4e33-8bd5-c55132a93f21,zh,localhost:5173,414,zh-CN,1.334.1,019d3cc0-4589-784e-9862-b748d9c86108,False,0,False,http://localhost:5173/login,019d34c1-1aa6-722e-8668-f477eef75b2a,1800000,2026-03-30T03:19:17.889Z,iOS,896,web,$direct,Mobile,414,peic3mbmqc0o9xaq,disabled,,Mobile Safari,synchronous,0,/login,"Mozilla/5.0 (iPhone; CPU iPhone OS 18_5 like Mac OS X) AppleWebKit/605.1.15 (KHTML, like Gecko) Version/18.5 Mobile/15E148 Safari/604.1",1774840758049,False,False,1774840773.36,2604:a880:4:1d0:0:2:64bd:0,2026-03-30T03:19:36.209Z,Santa Clara,,,,California,CA,United States,US,North America,NA,95054,37.3931,-121.962,20,America/Los_Angeles,Mobile Safari,18.5,Mobile,http://localhost:5173/login,/login,iOS,18.5.0,$direct,$direct,896,414,896,414,"Mozilla/5.0 (iPhone; CPU iPhone OS 18_5 like Mac OS X) AppleWebKit/605.1.15 (KHTML, like Gecko) Version/18.5 Mobile/15E148 Safari/604.1",Santa Clara,,,,California,CA,United States,US,North America,NA,95054,37.3931,-121.962,20,America/Los_Angeles,Mobile Safari,18.5,Mobile,http://localhost:5173/login,/login,iOS,18.5.0,$direct,$direct,896,414,896,414,"Mozilla/5.0 (iPhone; CPU iPhone OS 18_5 like Mac OS X) AppleWebKit/605.1.15 (KHTML, like Gecko) Version/18.5 Mobile/15E148 Safari/604.1",Santa Clara,United States,US,North America,NA,95054,37.3931,-121.962,20,America/Los_Angeles,CA,California,GeoIP (019be95e-8fc1-0000-693d-22902402a2b8),False,2026-03-30 03:19:34.750000+00:00,296666,161,"input.text-input:attr__class=""text-input""nth-child=""2""nth-of-type=""1"";div.input-group:attr__class=""input-group""attr__data-v-69f7c28a=""""nth-child=""3""nth-of-type=""3"";div.form-section:attr__class=""form-section""attr__data-v-69f7c28a=""""nth-child=""2""nth-of-type=""2"";div.mobile-wrapper:attr__class=""mobile-wrapper""attr__data-v-69f7c28a=""""nth-child=""1""nth-of-type=""1"";div.login-container:attr__class=""login-container""attr__data-v-69f7c28a=""""nth-child=""1""nth-of-type=""1"";div:nth-child=""1""nth-of-type=""1"";div:attr__data-v-app=""""attr__id=""app""attr_id=""app""nth-child=""1""nth-of-type=""1"";body:attr__style=""font-size: 24px;""attr__youdao=""bind""nth-child=""3""nth-of-type=""1""",2026-03-30 03:19:40.789000+00:00,full,,,,,,,,,,,,,,,,,,,,click,1,,input,text-input,,,2,1,text-input,,,0,,div,input-group,,,,,input-group,,,1,,div,form-section,,,,,form-section,,,2,,div,mobile-wrapper,,,,,mobile-wrapper,,1,3,,div,login-container,,,,,login-container,,1,4,,div,,,,1,1,,,5,,div,,,,1,1,,,6,,,,,,,,,,,,,,,,,,,,,,,,,,,,,,,,,,,,,,,,,"""attr__id=",app,,body,,,,3,1,font-size: 24px;,bind,7,,,,,,,,,,,,,,,,,,,,,,,,,,,,,,,,,,,,,,,,,,,,,,,,,,,,,,,,,,,,,,,,,,,,,,,,,,,,,,,,,,,,,,,,,,,,,,,,,3,,,,,,,,,,,,,,,,2,,,,,,,,,,,,,,,,,"""nth-child=","""nth-child=","""nth-child=","""nth-child=",,,,,,,,,,$autocapture,4@qq.com,34e80489-22e5-531b-b877-1e581c04d878,161,http://localhost:5173/login,web,2026-03-30 03:19:34.750000+00:00
019d3cc0-fa51-718c-970e-d99129f1a00f,$autocapture,-480,161,18.5.0,18.5,896,False,iPhone,False,,phc_JvOxmPdgICJ99RrNk2sSOsqNhVt0HJkw9yAZcvYxl0Y,unset,$direct,019d3cc0-4589-784e-9862-b74704373751,Asia/Shanghai,019d3cc0-c4ea-7df8-9c8e-f9207d013db6,99,6ddc7b7c-0e68-4e33-8bd5-c55132a93f21,zh,localhost:5173,414,zh-CN,1.334.1,019d3cc0-4589-784e-9862-b748d9c86108,False,0,False,http://localhost:5173/login,019d34c1-1aa6-722e-8668-f477eef75b2a,1800000,2026-03-30T03:19:17.889Z,iOS,896,web,$direct,Mobile,414,pls49d3vusyge4bs,disabled,,Mobile Safari,synchronous,0,/login,"Mozilla/5.0 (iPhone; CPU iPhone OS 18_5 like Mac OS X) AppleWebKit/605.1.15 (KHTML, like Gecko) Version/18.5 Mobile/15E148 Safari/604.1",1774840758049,False,False,1774840773.201,2604:a880:4:1d0:0:2:64bd:0,2026-03-30T03:19:36.209Z,Santa Clara,,,,California,CA,United States,US,North America,NA,95054,37.3931,-121.962,20,America/Los_Angeles,Mobile Safari,18.5,Mobile,http://localhost:5173/login,/login,iOS,18.5.0,$direct,$direct,896,414,896,414,"Mozilla/5.0 (iPhone; CPU iPhone OS 18_5 like Mac OS X) AppleWebKit/605.1.15 (KHTML, like Gecko) Version/18.5 Mobile/15E148 Safari/604.1",Santa Clara,,,,California,CA,United States,US,North America,NA,95054,37.3931,-121.962,20,America/Los_Angeles,Mobile Safari,18.5,Mobile,http://localhost:5173/login,/login,iOS,18.5.0,$direct,$direct,896,414,896,414,"Mozilla/5.0 (iPhone; CPU iPhone OS 18_5 like Mac OS X) AppleWebKit/605.1.15 (KHTML, like Gecko) Version/18.5 Mobile/15E148 Safari/604.1",Santa Clara,United States,US,North America,NA,95054,37.3931,-121.962,20,America/Los_Angeles,CA,California,GeoIP (019be95e-8fc1-0000-693d-22902402a2b8),False,2026-03-30 03:19:34.591000+00:00,296666,161,"input.text-input:attr__class=""text-input""nth-child=""2""nth-of-type=""1"";div.input-group:attr__class=""input-group""attr__data-v-69f7c28a=""""nth-child=""3""nth-of-type=""3"";div.form-section:attr__class=""form-section""attr__data-v-69f7c28a=""""nth-child=""2""nth-of-type=""2"";div.mobile-wrapper:attr__class=""mobile-wrapper""attr__data-v-69f7c28a=""""nth-child=""1""nth-of-type=""1"";div.login-container:attr__class=""login-container""attr__data-v-69f7c28a=""""nth-child=""1""nth-of-type=""1"";div:nth-child=""1""nth-of-type=""1"";div:attr__data-v-app=""""attr__id=""app""attr_id=""app""nth-child=""1""nth-of-type=""1"";body:attr__style=""font-size: 24px;""attr__youdao=""bind""nth-child=""3""nth-of-type=""1""",2026-03-30 03:19:40.726000+00:00,full,,,,,,,,,,,,,,,,,,,,click,1,,input,text-input,,,2,1,text-input,,,0,,div,input-group,,,,,input-group,,,1,,div,form-section,,,,,form-section,,,2,,div,mobile-wrapper,,,,,mobile-wrapper,,1,3,,div,login-container,,,,,login-container,,1,4,,div,,,,1,1,,,5,,div,,,,1,1,,,6,,,,,,,,,,,,,,,,,,,,,,,,,,,,,,,,,,,,,,,,,"""attr__id=",app,,body,,,,3,1,font-size: 24px;,bind,7,,,,,,,,,,,,,,,,,,,,,,,,,,,,,,,,,,,,,,,,,,,,,,,,,,,,,,,,,,,,,,,,,,,,,,,,,,,,,,,,,,,,,,,,,,,,,,,,,3,,,,,,,,,,,,,,,,2,,,,,,,,,,,,,,,,,"""nth-child=","""nth-child=","""nth-child=","""nth-child=",,,,,,,,,,$autocapture,4@qq.com,34e80489-22e5-531b-b877-1e581c04d878,161,http://localhost:5173/login,web,2026-03-30 03:19:34.591000+00:00
019d3cc0-f912-7384-8d31-7827275562de,$autocapture,-480,161,18.5.0,18.5,896,False,iPhone,False,,phc_JvOxmPdgICJ99RrNk2sSOsqNhVt0HJkw9yAZcvYxl0Y,unset,$direct,019d3cc0-4589-784e-9862-b74704373751,Asia/Shanghai,019d3cc0-c4ea-7df8-9c8e-f9207d013db6,99,6ddc7b7c-0e68-4e33-8bd5-c55132a93f21,zh,localhost:5173,414,zh-CN,1.334.1,019d3cc0-4589-784e-9862-b748d9c86108,False,0,False,http://localhost:5173/login,019d34c1-1aa6-722e-8668-f477eef75b2a,1800000,2026-03-30T03:19:17.889Z,iOS,896,web,$direct,Mobile,414,ytmw60wrukctyoxn,disabled,,Mobile Safari,synchronous,0,/login,"Mozilla/5.0 (iPhone; CPU iPhone OS 18_5 like Mac OS X) AppleWebKit/605.1.15 (KHTML, like Gecko) Version/18.5 Mobile/15E148 Safari/604.1",1774840758049,False,False,1774840772.882,2604:a880:4:1d0:0:2:64bd:0,2026-03-30T03:19:33.021Z,Santa Clara,,,,California,CA,United States,US,North America,NA,95054,37.3931,-121.962,20,America/Los_Angeles,Mobile Safari,18.5,Mobile,http://localhost:5173/login,/login,iOS,18.5.0,$direct,$direct,896,414,896,414,"Mozilla/5.0 (iPhone; CPU iPhone OS 18_5 like Mac OS X) AppleWebKit/605.1.15 (KHTML, like Gecko) Version/18.5 Mobile/15E148 Safari/604.1",Santa Clara,,,,California,CA,United States,US,North America,NA,95054,37.3931,-121.962,20,America/Los_Angeles,Mobile Safari,18.5,Mobile,http://localhost:5173/login,/login,iOS,18.5.0,$direct,$direct,896,414,896,414,"Mozilla/5.0 (iPhone; CPU iPhone OS 18_5 like Mac OS X) AppleWebKit/605.1.15 (KHTML, like Gecko) Version/18.5 Mobile/15E148 Safari/604.1",Santa Clara,United States,US,North America,NA,95054,37.3931,-121.962,20,America/Los_Angeles,CA,California,GeoIP (019be95e-8fc1-0000-693d-22902402a2b8),False,2026-03-30 03:19:33.077000+00:00,296666,161,"input.text-input:attr__class=""text-input""nth-child=""2""nth-of-type=""1"";div.input-group:attr__class=""input-group""attr__data-v-69f7c28a=""""nth-child=""3""nth-of-type=""3"";div.form-section:attr__class=""form-section""attr__data-v-69f7c28a=""""nth-child=""2""nth-of-type=""2"";div.mobile-wrapper:attr__class=""mobile-wrapper""attr__data-v-69f7c28a=""""nth-child=""1""nth-of-type=""1"";div.login-container:attr__class=""login-container""attr__data-v-69f7c28a=""""nth-child=""1""nth-of-type=""1"";div:nth-child=""1""nth-of-type=""1"";div:attr__data-v-app=""""attr__id=""app""attr_id=""app""nth-child=""1""nth-of-type=""1"";body:attr__style=""font-size: 24px;""attr__youdao=""bind""nth-child=""3""nth-of-type=""1""",2026-03-30 03:19:36.433000+00:00,full,,,,,,,,,,,,,,,,,,,,click,1,,input,text-input,,,2,1,text-input,,,0,,div,input-group,,,,,input-group,,,1,,div,form-section,,,,,form-section,,,2,,div,mobile-wrapper,,,,,mobile-wrapper,,1,3,,div,login-container,,,,,login-container,,1,4,,div,,,,1,1,,,5,,div,,,,1,1,,,6,,,,,,,,,,,,,,,,,,,,,,,,,,,,,,,,,,,,,,,,,"""attr__id=",app,,body,,,,3,1,font-size: 24px;,bind,7,,,,,,,,,,,,,,,,,,,,,,,,,,,,,,,,,,,,,,,,,,,,,,,,,,,,,,,,,,,,,,,,,,,,,,,,,,,,,,,,,,,,,,,,,,,,,,,,,3,,,,,,,,,,,,,,,,2,,,,,,,,,,,,,,,,,"""nth-child=","""nth-child=","""nth-child=","""nth-child=",,,,,,,,,,$autocapture,4@qq.com,34e80489-22e5-531b-b877-1e581c04d878,161,http://localhost:5173/login,web,2026-03-30 03:19:33.077000+00:00
019d3cc0-f1f2-7da0-a482-935f629e65cf,$autocapture,-480,161,18.5.0,18.5,896,False,iPhone,False,,phc_JvOxmPdgICJ99RrNk2sSOsqNhVt0HJkw9yAZcvYxl0Y,unset,$direct,019d3cc0-4589-784e-9862-b74704373751,Asia/Shanghai,019d3cc0-c4ea-7df8-9c8e-f9207d013db6,99,6ddc7b7c-0e68-4e33-8bd5-c55132a93f21,zh,localhost:5173,414,zh-CN,1.334.1,019d3cc0-4589-784e-9862-b748d9c86108,False,0,False,http://localhost:5173/login,019d34c1-1aa6-722e-8668-f477eef75b2a,1800000,2026-03-30T03:19:17.889Z,iOS,896,web,$direct,Mobile,414,uc18wbthcjx86zsn,disabled,,Mobile Safari,synchronous,0,/login,"Mozilla/5.0 (iPhone; CPU iPhone OS 18_5 like Mac OS X) AppleWebKit/605.1.15 (KHTML, like Gecko) Version/18.5 Mobile/15E148 Safari/604.1",1774840758049,False,False,1774840771.058,2604:a880:4:1d0:0:2:64bd:0,2026-03-30T03:19:33.021Z,Santa Clara,,,,California,CA,United States,US,North America,NA,95054,37.3931,-121.962,20,America/Los_Angeles,Mobile Safari,18.5,Mobile,http://localhost:5173/login,/login,iOS,18.5.0,$direct,$direct,896,414,896,414,"Mozilla/5.0 (iPhone; CPU iPhone OS 18_5 like Mac OS X) AppleWebKit/605.1.15 (KHTML, like Gecko) Version/18.5 Mobile/15E148 Safari/604.1",Santa Clara,,,,California,CA,United States,US,North America,NA,95054,37.3931,-121.962,20,America/Los_Angeles,Mobile Safari,18.5,Mobile,http://localhost:5173/login,/login,iOS,18.5.0,$direct,$direct,896,414,896,414,"Mozilla/5.0 (iPhone; CPU iPhone OS 18_5 like Mac OS X) AppleWebKit/605.1.15 (KHTML, like Gecko) Version/18.5 Mobile/15E148 Safari/604.1",Santa Clara,United States,US,North America,NA,95054,37.3931,-121.962,20,America/Los_Angeles,CA,California,GeoIP (019be95e-8fc1-0000-693d-22902402a2b8),False,2026-03-30 03:19:31.253000+00:00,296666,161,"input.text-input:attr__class=""text-input""nth-child=""2""nth-of-type=""1"";div.input-group:attr__class=""input-group""attr__data-v-69f7c28a=""""nth-child=""3""nth-of-type=""3"";div.form-section:attr__class=""form-section""attr__data-v-69f7c28a=""""nth-child=""2""nth-of-type=""2"";div.mobile-wrapper:attr__class=""mobile-wrapper""attr__data-v-69f7c28a=""""nth-child=""1""nth-of-type=""1"";div.login-container:attr__class=""login-container""attr__data-v-69f7c28a=""""nth-child=""1""nth-of-type=""1"";div:nth-child=""1""nth-of-type=""1"";div:attr__data-v-app=""""attr__id=""app""attr_id=""app""nth-child=""1""nth-of-type=""1"";body:attr__style=""font-size: 24px;""attr__youdao=""bind""nth-child=""3""nth-of-type=""1""",2026-03-30 03:19:36.373000+00:00,full,,,,,,,,,,,,,,,,,,,,change,1,,input,text-input,,,2,1,text-input,,,0,,div,input-group,,,,,input-group,,,1,,div,form-section,,,,,form-section,,,2,,div,mobile-wrapper,,,,,mobile-wrapper,,1,3,,div,login-container,,,,,login-container,,1,4,,div,,,,1,1,,,5,,div,,,,1,1,,,6,,,,,,,,,,,,,,,,,,,,,,,,,,,,,,,,,,,,,,,,,"""attr__id=",app,,body,,,,3,1,font-size: 24px;,bind,7,,,,,,,,,,,,,,,,,,,,,,,,,,,,,,,,,,,,,,,,,,,,,,,,,,,,,,,,,,,,,,,,,,,,,,,,,,,,,,,,,,,,,,,,,,,,,,,,,3,,,,,,,,,,,,,,,,2,,,,,,,,,,,,,,,,,"""nth-child=","""nth-child=","""nth-child=","""nth-child=",,,,,,,,,,$autocapture,4@qq.com,34e80489-22e5-531b-b877-1e581c04d878,161,http://localhost:5173/login,web,2026-03-30 03:19:31.253000+00:00
019d3cc0-ede2-7a8a-9ff7-ccc4cb4039d3,$autocapture,-480,161,18.5.0,18.5,896,False,iPhone,False,,phc_JvOxmPdgICJ99RrNk2sSOsqNhVt0HJkw9yAZcvYxl0Y,unset,$direct,019d3cc0-4589-784e-9862-b74704373751,Asia/Shanghai,019d3cc0-c4ea-7df8-9c8e-f9207d013db6,99,6ddc7b7c-0e68-4e33-8bd5-c55132a93f21,zh,localhost:5173,414,zh-CN,1.334.1,019d3cc0-4589-784e-9862-b748d9c86108,False,0,False,http://localhost:5173/login,019d34c1-1aa6-722e-8668-f477eef75b2a,1800000,2026-03-30T03:19:17.889Z,iOS,896,web,$direct,Mobile,414,aaysywj7egvibmgy,disabled,,Mobile Safari,synchronous,0,/login,"Mozilla/5.0 (iPhone; CPU iPhone OS 18_5 like Mac OS X) AppleWebKit/605.1.15 (KHTML, like Gecko) Version/18.5 Mobile/15E148 Safari/604.1",1774840758049,False,False,1774840770.018,2604:a880:4:1d0:0:2:64bd:0,2026-03-30T03:19:33.021Z,Santa Clara,,,,California,CA,United States,US,North America,NA,95054,37.3931,-121.962,20,America/Los_Angeles,Mobile Safari,18.5,Mobile,http://localhost:5173/login,/login,iOS,18.5.0,$direct,$direct,896,414,896,414,"Mozilla/5.0 (iPhone; CPU iPhone OS 18_5 like Mac OS X) AppleWebKit/605.1.15 (KHTML, like Gecko) Version/18.5 Mobile/15E148 Safari/604.1",Santa Clara,,,,California,CA,United States,US,North America,NA,95054,37.3931,-121.962,20,America/Los_Angeles,Mobile Safari,18.5,Mobile,http://localhost:5173/login,/login,iOS,18.5.0,$direct,$direct,896,414,896,414,"Mozilla/5.0 (iPhone; CPU iPhone OS 18_5 like Mac OS X) AppleWebKit/605.1.15 (KHTML, like Gecko) Version/18.5 Mobile/15E148 Safari/604.1",Santa Clara,United States,US,North America,NA,95054,37.3931,-121.962,20,America/Los_Angeles,CA,California,GeoIP (019be95e-8fc1-0000-693d-22902402a2b8),False,2026-03-30 03:19:30.213000+00:00,296666,161,"input.text-input:attr__class=""text-input""nth-child=""2""nth-of-type=""1"";div.input-group:attr__class=""input-group""attr__data-v-69f7c28a=""""nth-child=""2""nth-of-type=""2"";div.form-section:attr__class=""form-section""attr__data-v-69f7c28a=""""nth-child=""2""nth-of-type=""2"";div.mobile-wrapper:attr__class=""mobile-wrapper""attr__data-v-69f7c28a=""""nth-child=""1""nth-of-type=""1"";div.login-container:attr__class=""login-container""attr__data-v-69f7c28a=""""nth-child=""1""nth-of-type=""1"";div:nth-child=""1""nth-of-type=""1"";div:attr__data-v-app=""""attr__id=""app""attr_id=""app""nth-child=""1""nth-of-type=""1"";body:attr__style=""font-size: 24px;""attr__youdao=""bind""nth-child=""3""nth-of-type=""1""",2026-03-30 03:19:36.186000+00:00,full,,,,,,,,,,,,,,,,,,,,change,1,,input,text-input,,,2,1,text-input,,,0,,div,input-group,,,,,input-group,,,1,,div,form-section,,,,,form-section,,,2,,div,mobile-wrapper,,,,,mobile-wrapper,,1,3,,div,login-container,,,,,login-container,,1,4,,div,,,,1,1,,,5,,div,,,,1,1,,,6,,,,,,,,,,,,,,,,,,,,,,,,,,,,,,,,,,,2,,,,,,"""attr__id=",app,,body,,,,3,1,font-size: 24px;,bind,7,,,,,,,,,,,,,,,,,,,,,,,,,,,,,,,,,,,,,,,,,,,,,,,,,,,,,,,,,,,,,,,,,,,,,,,,,,,,,,,,,,,,,,,,,,,,,,,,,,,,,,,,,,,,,,,,,2,,,,,,,,,,,,,,,,,"""nth-child=","""nth-child=","""nth-child=","""nth-child=",,,,,,,,,,$autocapture,4@qq.com,34e80489-22e5-531b-b877-1e581c04d878,161,http://localhost:5173/login,web,2026-03-30 03:19:30.213000+00:00
019d3cc0-e599-7228-9f2f-b1edde12b13d,$autocapture,-480,161,18.5.0,18.5,896,False,iPhone,False,,phc_JvOxmPdgICJ99RrNk2sSOsqNhVt0HJkw9yAZcvYxl0Y,unset,$direct,019d3cc0-4589-784e-9862-b74704373751,Asia/Shanghai,019d3cc0-c4ea-7df8-9c8e-f9207d013db6,99,6ddc7b7c-0e68-4e33-8bd5-c55132a93f21,zh,localhost:5173,414,zh-CN,1.334.1,019d3cc0-4589-784e-9862-b748d9c86108,False,0,False,http://localhost:5173/login,019d34c1-1aa6-722e-8668-f477eef75b2a,1800000,2026-03-30T03:19:17.889Z,iOS,896,web,$direct,Mobile,414,8agl4v6v467ggh0h,disabled,,Mobile Safari,synchronous,0,/login,"Mozilla/5.0 (iPhone; CPU iPhone OS 18_5 like Mac OS X) AppleWebKit/605.1.15 (KHTML, like Gecko) Version/18.5 Mobile/15E148 Safari/604.1",1774840758049,False,False,1774840767.897,2604:a880:4:1d0:0:2:64bd:0,2026-03-30T03:19:29.483Z,Santa Clara,,,,California,CA,United States,US,North America,NA,95054,37.3931,-121.962,20,America/Los_Angeles,Mobile Safari,18.5,Mobile,http://localhost:5173/login,/login,iOS,18.5.0,$direct,$direct,896,414,896,414,"Mozilla/5.0 (iPhone; CPU iPhone OS 18_5 like Mac OS X) AppleWebKit/605.1.15 (KHTML, like Gecko) Version/18.5 Mobile/15E148 Safari/604.1",Santa Clara,,,,California,CA,United States,US,North America,NA,95054,37.3931,-121.962,20,America/Los_Angeles,Mobile Safari,18.5,Mobile,http://localhost:5173/login,/login,iOS,18.5.0,$direct,$direct,896,414,896,414,"Mozilla/5.0 (iPhone; CPU iPhone OS 18_5 like Mac OS X) AppleWebKit/605.1.15 (KHTML, like Gecko) Version/18.5 Mobile/15E148 Safari/604.1",Santa Clara,United States,US,North America,NA,95054,37.3931,-121.962,20,America/Los_Angeles,CA,California,GeoIP (019be95e-8fc1-0000-693d-22902402a2b8),False,2026-03-30 03:19:28.123000+00:00,296666,161,"input.text-input:attr__class=""text-input""nth-child=""2""nth-of-type=""1"";div.input-group:attr__class=""input-group""attr__data-v-69f7c28a=""""nth-child=""1""nth-of-type=""1"";div.form-section:attr__class=""form-section""attr__data-v-69f7c28a=""""nth-child=""2""nth-of-type=""2"";div.mobile-wrapper:attr__class=""mobile-wrapper""attr__data-v-69f7c28a=""""nth-child=""1""nth-of-type=""1"";div.login-container:attr__class=""login-container""attr__data-v-69f7c28a=""""nth-child=""1""nth-of-type=""1"";div:nth-child=""1""nth-of-type=""1"";div:attr__data-v-app=""""attr__id=""app""attr_id=""app""nth-child=""1""nth-of-type=""1"";body:attr__style=""font-size: 24px;""attr__youdao=""bind""nth-child=""3""nth-of-type=""1""",2026-03-30 03:19:32.451000+00:00,full,,,,,,,,,,,,,,,,,,,,change,1,,input,text-input,,,2,1,text-input,,,0,,div,input-group,,,,,input-group,,1,1,,div,form-section,,,,,form-section,,,2,,div,mobile-wrapper,,,,,mobile-wrapper,,1,3,,div,login-container,,,,,login-container,,1,4,,div,,,,1,1,,,5,,div,,,,1,1,,,6,,,,,,,,,,,,,,,,,,,,,,,,,,,,,,,,,,,,,,,,,"""attr__id=",app,,body,,,,3,1,font-size: 24px;,bind,7,,,,,,,,,,,,,,,,,,,,,,,,,,,,,,,,,,,,,,,,,,,,,,,,,,,,,,,,,,,,,,,,,,,,,,,,,,,,,,,,,,,,,,,,,,,,,,,,,,,,,,,,,,,,,,,,,2,,,,,,,,,,,,,,,,,"""nth-child=","""nth-child=","""nth-child=","""nth-child=",,,,,,,,,,$autocapture,4@qq.com,34e80489-22e5-531b-b877-1e581c04d878,161,http://localhost:5173/login,web,2026-03-30 03:19:28.123000+00:00
019d3cc0-e007-7122-aa75-3583f5ae7546,$autocapture,-480,161,18.5.0,18.5,896,False,iPhone,False,,phc_JvOxmPdgICJ99RrNk2sSOsqNhVt0HJkw9yAZcvYxl0Y,unset,$direct,019d3cc0-4589-784e-9862-b74704373751,Asia/Shanghai,019d3cc0-c4ea-7df8-9c8e-f9207d013db6,99,6ddc7b7c-0e68-4e33-8bd5-c55132a93f21,zh,localhost:5173,414,zh-CN,1.334.1,019d3cc0-4589-784e-9862-b748d9c86108,False,0,False,http://localhost:5173/login,019d34c1-1aa6-722e-8668-f477eef75b2a,1800000,2026-03-30T03:19:17.889Z,iOS,896,web,$direct,Mobile,414,80c5z1o45ht1bzni,disabled,,Mobile Safari,synchronous,0,/login,"Mozilla/5.0 (iPhone; CPU iPhone OS 18_5 like Mac OS X) AppleWebKit/605.1.15 (KHTML, like Gecko) Version/18.5 Mobile/15E148 Safari/604.1",1774840758049,False,False,1774840766.471,2604:a880:4:1d0:0:2:64bd:0,2026-03-30T03:19:29.483Z,Santa Clara,,,,California,CA,United States,US,North America,NA,95054,37.3931,-121.962,20,America/Los_Angeles,Mobile Safari,18.5,Mobile,http://localhost:5173/login,/login,iOS,18.5.0,$direct,$direct,896,414,896,414,"Mozilla/5.0 (iPhone; CPU iPhone OS 18_5 like Mac OS X) AppleWebKit/605.1.15 (KHTML, like Gecko) Version/18.5 Mobile/15E148 Safari/604.1",Santa Clara,,,,California,CA,United States,US,North America,NA,95054,37.3931,-121.962,20,America/Los_Angeles,Mobile Safari,18.5,Mobile,http://localhost:5173/login,/login,iOS,18.5.0,$direct,$direct,896,414,896,414,"Mozilla/5.0 (iPhone; CPU iPhone OS 18_5 like Mac OS X) AppleWebKit/605.1.15 (KHTML, like Gecko) Version/18.5 Mobile/15E148 Safari/604.1",Santa Clara,United States,US,North America,NA,95054,37.3931,-121.962,20,America/Los_Angeles,CA,California,GeoIP (019be95e-8fc1-0000-693d-22902402a2b8),False,2026-03-30 03:19:26.697000+00:00,296666,161,"input.text-input:attr__class=""text-input""nth-child=""2""nth-of-type=""1"";div.input-group:attr__class=""input-group""attr__data-v-69f7c28a=""""nth-child=""1""nth-of-type=""1"";div.form-section:attr__class=""form-section""attr__data-v-69f7c28a=""""nth-child=""2""nth-of-type=""2"";div.mobile-wrapper:attr__class=""mobile-wrapper""attr__data-v-69f7c28a=""""nth-child=""1""nth-of-type=""1"";div.login-container:attr__class=""login-container""attr__data-v-69f7c28a=""""nth-child=""1""nth-of-type=""1"";div:nth-child=""1""nth-of-type=""1"";div:attr__data-v-app=""""attr__id=""app""attr_id=""app""nth-child=""1""nth-of-type=""1"";body:attr__style=""font-size: 24px;""attr__youdao=""bind""nth-child=""3""nth-of-type=""1""",2026-03-30 03:19:32.334000+00:00,full,,,,,,,,,,,,,,,,,,,,click,1,,input,text-input,,,2,1,text-input,,,0,,div,input-group,,,,,input-group,,1,1,,div,form-section,,,,,form-section,,,2,,div,mobile-wrapper,,,,,mobile-wrapper,,1,3,,div,login-container,,,,,login-container,,1,4,,div,,,,1,1,,,5,,div,,,,1,1,,,6,,,,,,,,,,,,,,,,,,,,,,,,,,,,,,,,,,,,,,,,,"""attr__id=",app,,body,,,,3,1,font-size: 24px;,bind,7,,,,,,,,,,,,,,,,,,,,,,,,,,,,,,,,,,,,,,,,,,,,,,,,,,,,,,,,,,,,,,,,,,,,,,,,,,,,,,,,,,,,,,,,,,,,,,,,,,,,,,,,,,,,,,,,,2,,,,,,,,,,,,,,,,,"""nth-child=","""nth-child=","""nth-child=","""nth-child=",,,,,,,,,,$autocapture,4@qq.com,34e80489-22e5-531b-b877-1e581c04d878,161,http://localhost:5173/login,web,2026-03-30 03:19:26.697000+00:00
019d3cc0-db2f-7e9f-9060-0e1b8a568760,$autocapture,-480,161,18.5.0,18.5,896,False,iPhone,False,,phc_JvOxmPdgICJ99RrNk2sSOsqNhVt0HJkw9yAZcvYxl0Y,unset,$direct,019d3cc0-4589-784e-9862-b74704373751,Asia/Shanghai,019d3cc0-c4ea-7df8-9c8e-f9207d013db6,99,6ddc7b7c-0e68-4e33-8bd5-c55132a93f21,zh,localhost:5173,414,zh-CN,1.334.1,019d3cc0-4589-784e-9862-b748d9c86108,False,0,False,http://localhost:5173/login,019d34c1-1aa6-722e-8668-f477eef75b2a,1800000,2026-03-30T03:19:17.889Z,iOS,896,web,$direct,Mobile,414,dppcxthl41enoixu,disabled,,Mobile Safari,synchronous,0,/login,"Mozilla/5.0 (iPhone; CPU iPhone OS 18_5 like Mac OS X) AppleWebKit/605.1.15 (KHTML, like Gecko) Version/18.5 Mobile/15E148 Safari/604.1",1774840758049,False,False,1774840765.231,2604:a880:4:1d0:0:2:64bd:0,2026-03-30T03:19:25.391Z,Santa Clara,,,,California,CA,United States,US,North America,NA,95054,37.3931,-121.962,20,America/Los_Angeles,Mobile Safari,18.5,Mobile,http://localhost:5173/login,/login,iOS,18.5.0,$direct,$direct,896,414,896,414,"Mozilla/5.0 (iPhone; CPU iPhone OS 18_5 like Mac OS X) AppleWebKit/605.1.15 (KHTML, like Gecko) Version/18.5 Mobile/15E148 Safari/604.1",Santa Clara,,,,California,CA,United States,US,North America,NA,95054,37.3931,-121.962,20,America/Los_Angeles,Mobile Safari,18.5,Mobile,http://localhost:5173/login,/login,iOS,18.5.0,$direct,$direct,896,414,896,414,"Mozilla/5.0 (iPhone; CPU iPhone OS 18_5 like Mac OS X) AppleWebKit/605.1.15 (KHTML, like Gecko) Version/18.5 Mobile/15E148 Safari/604.1",Santa Clara,United States,US,North America,NA,95054,37.3931,-121.962,20,America/Los_Angeles,CA,California,GeoIP (019be95e-8fc1-0000-693d-22902402a2b8),False,2026-03-30 03:19:25.409000+00:00,296666,161,"span.toggle-link:attr__class=""toggle-link""attr__data-v-69f7c28a=""""nth-child=""2""nth-of-type=""2""text=""Sign Up"";div.toggle-mode:attr__class=""toggle-mode""attr__data-v-69f7c28a=""""nth-child=""4""nth-of-type=""3"";div.form-section:attr__class=""form-section""attr__data-v-69f7c28a=""""nth-child=""2""nth-of-type=""2"";div.mobile-wrapper:attr__class=""mobile-wrapper""attr__data-v-69f7c28a=""""nth-child=""1""nth-of-type=""1"";div.login-container:attr__class=""login-container""attr__data-v-69f7c28a=""""nth-child=""1""nth-of-type=""1"";div:nth-child=""1""nth-of-type=""1"";div:attr__data-v-app=""""attr__id=""app""attr_id=""app""nth-child=""1""nth-of-type=""1"";body:attr__style=""font-size: 24px;""attr__youdao=""bind""nth-child=""3""nth-of-type=""1""",2026-03-30 03:19:29.906000+00:00,full,,,,,,,,,,,,,,,,,,,,click,1,Sign Up,span,toggle-link,,,,,toggle-link,,2,0,,div,toggle-mode,,,,,toggle-mode,,,1,,div,form-section,,,,,form-section,,,2,,div,mobile-wrapper,,,,,mobile-wrapper,,1,3,,div,login-container,,,,,login-container,,1,4,,div,,,,1,1,,,5,,div,,,,1,1,,,6,,,,,,,,Sign Up,,,,,,,,,,,,,,,,,,,,,,,,,,,,,,,,,"""attr__id=",app,,body,,,,3,1,font-size: 24px;,bind,7,,,,,,,,,,,,,,,,,,,,,,,,,,,,,,,,,,,,,,,,,,,,,,,,,,,,,,,,,,,,,,,,,,,,,,,,,,,,,,,,,,,,,,,,,,,,,,,,,,,,,,,,,,,,,,3,,,2,,,,,,,,,,,,,,,,"""nth-child=","""nth-child=","""nth-child=","""nth-child=","""nth-child=",,,,,,,,,,$autocapture,4@qq.com,34e80489-22e5-531b-b877-1e581c04d878,161,http://localhost:5173/login,web,2026-03-30 03:19:25.409000+00:00
019d3cc0-d418-7ae5-b829-d2e6a7d158a5,$autocapture,-480,161,18.5.0,18.5,896,False,iPhone,False,,phc_JvOxmPdgICJ99RrNk2sSOsqNhVt0HJkw9yAZcvYxl0Y,unset,$direct,019d3cc0-4589-784e-9862-b74704373751,Asia/Shanghai,019d3cc0-c4ea-7df8-9c8e-f9207d013db6,99,6ddc7b7c-0e68-4e33-8bd5-c55132a93f21,zh,localhost:5173,414,zh-CN,1.334.1,019d3cc0-4589-784e-9862-b748d9c86108,False,0,False,http://localhost:5173/login,019d34c1-1aa6-722e-8668-f477eef75b2a,1800000,2026-03-30T03:19:17.889Z,iOS,896,web,$direct,Mobile,414,bwwp8k4s2kzrkwis,disabled,,Mobile Safari,synchronous,0,/login,"Mozilla/5.0 (iPhone; CPU iPhone OS 18_5 like Mac OS X) AppleWebKit/605.1.15 (KHTML, like Gecko) Version/18.5 Mobile/15E148 Safari/604.1",1774840758049,False,False,1774840763.416,2604:a880:4:1d0:0:2:64bd:0,2026-03-30T03:19:25.391Z,Santa Clara,,,,California,CA,United States,US,North America,NA,95054,37.3931,-121.962,20,America/Los_Angeles,Mobile Safari,18.5,Mobile,http://localhost:5173/login,/login,iOS,18.5.0,$direct,$direct,896,414,896,414,"Mozilla/5.0 (iPhone; CPU iPhone OS 18_5 like Mac OS X) AppleWebKit/605.1.15 (KHTML, like Gecko) Version/18.5 Mobile/15E148 Safari/604.1",Santa Clara,,,,California,CA,United States,US,North America,NA,95054,37.3931,-121.962,20,America/Los_Angeles,Mobile Safari,18.5,Mobile,http://localhost:5173/login,/login,iOS,18.5.0,$direct,$direct,896,414,896,414,"Mozilla/5.0 (iPhone; CPU iPhone OS 18_5 like Mac OS X) AppleWebKit/605.1.15 (KHTML, like Gecko) Version/18.5 Mobile/15E148 Safari/604.1",Santa Clara,United States,US,North America,NA,95054,37.3931,-121.962,20,America/Los_Angeles,CA,California,GeoIP (019be95e-8fc1-0000-693d-22902402a2b8),False,2026-03-30 03:19:23.594000+00:00,296666,161,"input.text-input:attr__class=""text-input""nth-child=""2""nth-of-type=""1"";div.input-group:attr__class=""input-group""attr__data-v-69f7c28a=""""nth-child=""2""nth-of-type=""2"";div.form-section:attr__class=""form-section""attr__data-v-69f7c28a=""""nth-child=""2""nth-of-type=""2"";div.mobile-wrapper:attr__class=""mobile-wrapper""attr__data-v-69f7c28a=""""nth-child=""1""nth-of-type=""1"";div.login-container:attr__class=""login-container""attr__data-v-69f7c28a=""""nth-child=""1""nth-of-type=""1"";div:nth-child=""1""nth-of-type=""1"";div:attr__data-v-app=""""attr__id=""app""attr_id=""app""nth-child=""1""nth-of-type=""1"";body:attr__style=""font-size: 24px;""attr__youdao=""bind""nth-child=""3""nth-of-type=""1""",2026-03-30 03:19:29.880000+00:00,full,,,,,,,,,,,,,,,,,,,,change,1,,input,text-input,,,2,1,text-input,,,0,,div,input-group,,,,,input-group,,,1,,div,form-section,,,,,form-section,,,2,,div,mobile-wrapper,,,,,mobile-wrapper,,1,3,,div,login-container,,,,,login-container,,1,4,,div,,,,1,1,,,5,,div,,,,1,1,,,6,,,,,,,,,,,,,,,,,,,,,,,,,,,,,,,,,,,2,,,,,,"""attr__id=",app,,body,,,,3,1,font-size: 24px;,bind,7,,,,,,,,,,,,,,,,,,,,,,,,,,,,,,,,,,,,,,,,,,,,,,,,,,,,,,,,,,,,,,,,,,,,,,,,,,,,,,,,,,,,,,,,,,,,,,,,,,,,,,,,,,,,,,,,,2,,,,,,,,,,,,,,,,,"""nth-child=","""nth-child=","""nth-child=","""nth-child=",,,,,,,,,,$autocapture,4@qq.com,34e80489-22e5-531b-b877-1e581c04d878,161,http://localhost:5173/login,web,2026-03-30 03:19:23.594000+00:00
019d3cc0-d00b-789f-9ee5-2792b3e49b4a,$autocapture,-480,161,18.5.0,18.5,896,False,iPhone,False,,phc_JvOxmPdgICJ99RrNk2sSOsqNhVt0HJkw9yAZcvYxl0Y,unset,$direct,019d3cc0-4589-784e-9862-b74704373751,Asia/Shanghai,019d3cc0-c4ea-7df8-9c8e-f9207d013db6,99,6ddc7b7c-0e68-4e33-8bd5-c55132a93f21,zh,localhost:5173,414,zh-CN,1.334.1,019d3cc0-4589-784e-9862-b748d9c86108,False,0,False,http://localhost:5173/login,019d34c1-1aa6-722e-8668-f477eef75b2a,1800000,2026-03-30T03:19:17.889Z,iOS,896,web,$direct,Mobile,414,pxe5cw2ji822mekr,disabled,,Mobile Safari,synchronous,0,/login,"Mozilla/5.0 (iPhone; CPU iPhone OS 18_5 like Mac OS X) AppleWebKit/605.1.15 (KHTML, like Gecko) Version/18.5 Mobile/15E148 Safari/604.1",1774840758049,False,False,1774840762.379,2604:a880:4:1d0:0:2:64bd:0,2026-03-30T03:19:25.391Z,Santa Clara,,,,California,CA,United States,US,North America,NA,95054,37.3931,-121.962,20,America/Los_Angeles,Mobile Safari,18.5,Mobile,http://localhost:5173/login,/login,iOS,18.5.0,$direct,$direct,896,414,896,414,"Mozilla/5.0 (iPhone; CPU iPhone OS 18_5 like Mac OS X) AppleWebKit/605.1.15 (KHTML, like Gecko) Version/18.5 Mobile/15E148 Safari/604.1",Santa Clara,,,,California,CA,United States,US,North America,NA,95054,37.3931,-121.962,20,America/Los_Angeles,Mobile Safari,18.5,Mobile,http://localhost:5173/login,/login,iOS,18.5.0,$direct,$direct,896,414,896,414,"Mozilla/5.0 (iPhone; CPU iPhone OS 18_5 like Mac OS X) AppleWebKit/605.1.15 (KHTML, like Gecko) Version/18.5 Mobile/15E148 Safari/604.1",Santa Clara,United States,US,North America,NA,95054,37.3931,-121.962,20,America/Los_Angeles,CA,California,GeoIP (019be95e-8fc1-0000-693d-22902402a2b8),False,2026-03-30 03:19:22.557000+00:00,296666,161,"input.text-input:attr__class=""text-input""nth-child=""2""nth-of-type=""1"";div.input-group:attr__class=""input-group""attr__data-v-69f7c28a=""""nth-child=""1""nth-of-type=""1"";div.form-section:attr__class=""form-section""attr__data-v-69f7c28a=""""nth-child=""2""nth-of-type=""2"";div.mobile-wrapper:attr__class=""mobile-wrapper""attr__data-v-69f7c28a=""""nth-child=""1""nth-of-type=""1"";div.login-container:attr__class=""login-container""attr__data-v-69f7c28a=""""nth-child=""1""nth-of-type=""1"";div:nth-child=""1""nth-of-type=""1"";div:attr__data-v-app=""""attr__id=""app""attr_id=""app""nth-child=""1""nth-of-type=""1"";body:attr__style=""font-size: 24px;""attr__youdao=""bind""nth-child=""3""nth-of-type=""1""",2026-03-30 03:19:29.293000+00:00,full,,,,,,,,,,,,,,,,,,,,change,1,,input,text-input,,,2,1,text-input,,,0,,div,input-group,,,,,input-group,,1,1,,div,form-section,,,,,form-section,,,2,,div,mobile-wrapper,,,,,mobile-wrapper,,1,3,,div,login-container,,,,,login-container,,1,4,,div,,,,1,1,,,5,,div,,,,1,1,,,6,,,,,,,,,,,,,,,,,,,,,,,,,,,,,,,,,,,,,,,,,"""attr__id=",app,,body,,,,3,1,font-size: 24px;,bind,7,,,,,,,,,,,,,,,,,,,,,,,,,,,,,,,,,,,,,,,,,,,,,,,,,,,,,,,,,,,,,,,,,,,,,,,,,,,,,,,,,,,,,,,,,,,,,,,,,,,,,,,,,,,,,,,,,2,,,,,,,,,,,,,,,,,"""nth-child=","""nth-child=","""nth-child=","""nth-child=",,,,,,,,,,$autocapture,4@qq.com,34e80489-22e5-531b-b877-1e581c04d878,161,http://localhost:5173/login,web,2026-03-30 03:19:22.557000+00:00
019d3cc0-c7c8-7eeb-a3a0-e2fc67b05c25,$autocapture,-480,161,18.5.0,18.5,896,False,iPhone,False,,phc_JvOxmPdgICJ99RrNk2sSOsqNhVt0HJkw9yAZcvYxl0Y,unset,$direct,019d3cc0-4589-784e-9862-b74704373751,Asia/Shanghai,019d3cc0-c4ea-7df8-9c8e-f9207d013db6,99,6ddc7b7c-0e68-4e33-8bd5-c55132a93f21,zh,localhost:5173,414,zh-CN,1.334.1,019d3cc0-4589-784e-9862-b748d9c86108,False,0,False,http://localhost:5173/login,019d34c1-1aa6-722e-8668-f477eef75b2a,1800000,2026-03-30T03:19:17.889Z,iOS,896,web,$direct,Mobile,414,qo3fug0qjm6fzvf0,disabled,,Mobile Safari,synchronous,0,/login,"Mozilla/5.0 (iPhone; CPU iPhone OS 18_5 like Mac OS X) AppleWebKit/605.1.15 (KHTML, like Gecko) Version/18.5 Mobile/15E148 Safari/604.1",1774840758049,False,False,1774840760.264,2604:a880:4:1d0:0:2:64bd:0,2026-03-30T03:19:20.895Z,Santa Clara,,,,California,CA,United States,US,North America,NA,95054,37.3931,-121.962,20,America/Los_Angeles,Mobile Safari,18.5,Mobile,http://localhost:5173/login,/login,iOS,18.5.0,$direct,$direct,896,414,896,414,"Mozilla/5.0 (iPhone; CPU iPhone OS 18_5 like Mac OS X) AppleWebKit/605.1.15 (KHTML, like Gecko) Version/18.5 Mobile/15E148 Safari/604.1",Santa Clara,,,,California,CA,United States,US,North America,NA,95054,37.3931,-121.962,20,America/Los_Angeles,Mobile Safari,18.5,Mobile,http://localhost:5173/login,/login,iOS,18.5.0,$direct,$direct,896,414,896,414,"Mozilla/5.0 (iPhone; CPU iPhone OS 18_5 like Mac OS X) AppleWebKit/605.1.15 (KHTML, like Gecko) Version/18.5 Mobile/15E148 Safari/604.1",Santa Clara,United States,US,North America,NA,95054,37.3931,-121.962,20,America/Los_Angeles,CA,California,GeoIP (019be95e-8fc1-0000-693d-22902402a2b8),False,2026-03-30 03:19:20.474000+00:00,296666,161,"input.text-input:attr__class=""text-input""nth-child=""2""nth-of-type=""1"";div.input-group:attr__class=""input-group""attr__data-v-69f7c28a=""""nth-child=""1""nth-of-type=""1"";div.form-section:attr__class=""form-section""attr__data-v-69f7c28a=""""nth-child=""2""nth-of-type=""2"";div.mobile-wrapper:attr__class=""mobile-wrapper""attr__data-v-69f7c28a=""""nth-child=""1""nth-of-type=""1"";div.login-container:attr__class=""login-container""attr__data-v-69f7c28a=""""nth-child=""1""nth-of-type=""1"";div:nth-child=""1""nth-of-type=""1"";div:attr__data-v-app=""""attr__id=""app""attr_id=""app""nth-child=""1""nth-of-type=""1"";body:attr__style=""font-size: 24px;""attr__youdao=""bind""nth-child=""3""nth-of-type=""1""",2026-03-30 03:19:26.547000+00:00,full,,,,,,,,,,,,,,,,,,,,click,1,,input,text-input,,,2,1,text-input,,,0,,div,input-group,,,,,input-group,,1,1,,div,form-section,,,,,form-section,,,2,,div,mobile-wrapper,,,,,mobile-wrapper,,1,3,,div,login-container,,,,,login-container,,1,4,,div,,,,1,1,,,5,,div,,,,1,1,,,6,,,,,,,,,,,,,,,,,,,,,,,,,,,,,,,,,,,,,,,,,"""attr__id=",app,,body,,,,3,1,font-size: 24px;,bind,7,,,,,,,,,,,,,,,,,,,,,,,,,,,,,,,,,,,,,,,,,,,,,,,,,,,,,,,,,,,,,,,,,,,,,,,,,,,,,,,,,,,,,,,,,,,,,,,,,,,,,,,,,,,,,,,,,2,,,,,,,,,,,,,,,,,"""nth-child=","""nth-child=","""nth-child=","""nth-child=",,,,,,,,,,$autocapture,4@qq.com,34e80489-22e5-531b-b877-1e581c04d878,161,http://localhost:5173/login,web,2026-03-30 03:19:20.474000+00:00
019d3cc0-c4ea-7df8-9c8e-f9207d013db6,$pageview,-480,161,18.5.0,18.5,896,False,iPhone,False,,phc_JvOxmPdgICJ99RrNk2sSOsqNhVt0HJkw9yAZcvYxl0Y,unset,$direct,019d3cc0-4589-784e-9862-b74704373751,Asia/Shanghai,019d3cc0-c4ea-7df8-9c8e-f9207d013db6,99,6ddc7b7c-0e68-4e33-8bd5-c55132a93f21,zh,localhost:5173,414,zh-CN,1.334.1,019d3cc0-4589-784e-9862-b748d9c86108,False,0,False,http://localhost:5173/login,019d34c1-1aa6-722e-8668-f477eef75b2a,1800000,2026-03-30T03:19:17.889Z,iOS,896,web,$direct,Mobile,414,4airvebiwmkwcg5w,disabled,,Mobile Safari,synchronous,0,/login,"Mozilla/5.0 (iPhone; CPU iPhone OS 18_5 like Mac OS X) AppleWebKit/605.1.15 (KHTML, like Gecko) Version/18.5 Mobile/15E148 Safari/604.1",1774840758049,False,False,1774840759.533,2604:a880:4:1d0:0:2:64bd:0,2026-03-30T03:19:20.895Z,Santa Clara,,,,California,CA,United States,US,North America,NA,95054,37.3931,-121.962,20,America/Los_Angeles,Mobile Safari,18.5,Mobile,http://localhost:5173/login,/login,iOS,18.5.0,$direct,$direct,896,414,896,414,"Mozilla/5.0 (iPhone; CPU iPhone OS 18_5 like Mac OS X) AppleWebKit/605.1.15 (KHTML, like Gecko) Version/18.5 Mobile/15E148 Safari/604.1",Santa Clara,,,,California,CA,United States,US,North America,NA,95054,37.3931,-121.962,20,America/Los_Angeles,Mobile Safari,18.5,Mobile,http://localhost:5173/,/,iOS,18.5.0,$direct,$direct,896,414,896,414,"Mozilla/5.0 (iPhone; CPU iPhone OS 18_5 like Mac OS X) AppleWebKit/605.1.15 (KHTML, like Gecko) Version/18.5 Mobile/15E148 Safari/604.1",Santa Clara,United States,US,North America,NA,95054,37.3931,-121.962,20,America/Los_Angeles,CA,California,GeoIP (019be95e-8fc1-0000-693d-22902402a2b8),False,2026-03-30 03:19:19.740000+00:00,296666,161,,2026-03-30 03:19:26.378000+00:00,full,,,,,,,,,,,,,,,,,,,BrushBuddy - Kids Brushing App,,,,,,,,,,,,,,,,,,,,,,,,,,,,,,,,,,,,,,,,,,,,,,,,,,,,,,,,,,,,,,,,,,,,,,,,,,,,,,,,,,,,,,,,,,,,,,,,,,,,,,,,,,,,,,,,,,,,,,,,,,,,,,,,,,,,,,,,,,,,,,,,localhost:5173,,,,,,,,,,,,,,,,,,,,,,,,,,,,,,,,,,,,,,,,,,,,,,,,,,,,,,,,,,,,,,,,,,,,,,,,,,,,,,,,,,,,,,,,,,,,,,,,,,,,,,,,,,,,,,,,,,,,,,,,,,,,,,,,$pageview,4@qq.com,34e80489-22e5-531b-b877-1e581c04d878,161,http://localhost:5173/login,web,2026-03-30 03:19:19.740000+00:00
019d3cc0-9788-7cfe-9097-d3ce0a3d60bb,$pageview,-480,161,18.5.0,18.5,896,False,iPhone,False,,phc_JvOxmPdgICJ99RrNk2sSOsqNhVt0HJkw9yAZcvYxl0Y,unset,$direct,019d3cc0-4589-784e-9862-b74704373751,Asia/Shanghai,019d3cc0-9788-7cfe-9097-d3ce0a3d60bb,99,4ef846ff-54b4-49f5-a1fc-7e4dc56b9a6b,zh,localhost:5173,414,zh-CN,1.334.1,019d3cc0-4589-784e-9862-b748d9c86108,False,0,True,http://localhost:5173/stories,019d34c1-1aa6-722e-8668-f477eef75b2a,1800000,2026-03-30T03:18:56.824Z,iOS,896,web,$direct,Mobile,414,hmqwgpdh2omp3rpg,disabled,161,Mobile Safari,synchronous,0,/stories,"Mozilla/5.0 (iPhone; CPU iPhone OS 18_5 like Mac OS X) AppleWebKit/605.1.15 (KHTML, like Gecko) Version/18.5 Mobile/15E148 Safari/604.1",1774840744511,False,False,1774840747.913,2604:a880:4:1d0:0:2:64bd:0,2026-03-30T03:19:09.378Z,Santa Clara,,,,California,CA,United States,US,North America,NA,95054,37.3931,-121.962,20,America/Los_Angeles,Mobile Safari,18.5,Mobile,http://localhost:5173/stories,/stories,iOS,18.5.0,$direct,$direct,896,414,896,414,"Mozilla/5.0 (iPhone; CPU iPhone OS 18_5 like Mac OS X) AppleWebKit/605.1.15 (KHTML, like Gecko) Version/18.5 Mobile/15E148 Safari/604.1",Santa Clara,,,,California,CA,United States,US,North America,NA,95054,37.3931,-121.962,20,America/Los_Angeles,Mobile Safari,18.5,Mobile,http://localhost:5173/stories,/stories,iOS,18.5.0,$direct,$direct,896,414,896,414,"Mozilla/5.0 (iPhone; CPU iPhone OS 18_5 like Mac OS X) AppleWebKit/605.1.15 (KHTML, like Gecko) Version/18.5 Mobile/15E148 Safari/604.1",Santa Clara,United States,US,North America,NA,95054,37.3931,-121.962,20,America/Los_Angeles,CA,California,GeoIP (019be95e-8fc1-0000-693d-22902402a2b8),False,2026-03-30 03:19:08.101000+00:00,296666,161,,2026-03-30 03:19:13.448000+00:00,full,,,,,,,,1,896,1,0,896,/,1,1,0,1.503,019d3cc0-91a9-7101-9098-3246150528d4,BrushBuddy - Kids Brushing App,,,,,,,,,,,,,,,,,,,,,,,,,,,,,,,,,,,,,,,,,,,,,,,,,,,,,,,,,,,,,,,,,,,,,,,,,,,,,,,,,,,,,,,,,,,,,,,,,,,,,,,,,,,,,,,,,,,,,,,,,,,,,,,,,,,,,,,,,,,,,,,,,,,,,,,,,,,,,,,,,,,,,,,,,,,,,,,,,,,,,,,,,,,,,,,,,,,,,,,,,,,,,,,,,,,,,,,,,,,,,,,,,,,,,,,,,,,,,,,,,,,,,,,,,,,,,,,,,,,,,,,,,,,,,,,,$pageview,4@qq.com,34e80489-22e5-531b-b877-1e581c04d878,161,http://localhost:5173/stories,web,2026-03-30 03:19:08.101000+00:00
019d3cc0-9721-7bab-befa-d0519d78f964,$autocapture,-480,161,18.5.0,18.5,896,False,iPhone,False,,phc_JvOxmPdgICJ99RrNk2sSOsqNhVt0HJkw9yAZcvYxl0Y,unset,$direct,019d3cc0-4589-784e-9862-b74704373751,Asia/Shanghai,019d3cc0-91a9-7101-9098-3246150528d4,99,4ef846ff-54b4-49f5-a1fc-7e4dc56b9a6b,zh,localhost:5173,414,zh-CN,1.334.1,019d3cc0-4589-784e-9862-b748d9c86108,False,0,True,http://localhost:5173/,019d34c1-1aa6-722e-8668-f477eef75b2a,1800000,2026-03-30T03:18:56.824Z,iOS,896,web,$direct,Mobile,414,khr4hhjl4ngspdhi,disabled,161,Mobile Safari,synchronous,0,/,"Mozilla/5.0 (iPhone; CPU iPhone OS 18_5 like Mac OS X) AppleWebKit/605.1.15 (KHTML, like Gecko) Version/18.5 Mobile/15E148 Safari/604.1",1774840744511,False,False,1774840747.809,2604:a880:4:1d0:0:2:64bd:0,2026-03-30T03:19:09.378Z,Santa Clara,,,,California,CA,United States,US,North America,NA,95054,37.3931,-121.962,20,America/Los_Angeles,Mobile Safari,18.5,Mobile,http://localhost:5173/,/,iOS,18.5.0,$direct,$direct,896,414,896,414,"Mozilla/5.0 (iPhone; CPU iPhone OS 18_5 like Mac OS X) AppleWebKit/605.1.15 (KHTML, like Gecko) Version/18.5 Mobile/15E148 Safari/604.1",Santa Clara,,,,California,CA,United States,US,North America,NA,95054,37.3931,-121.962,20,America/Los_Angeles,Mobile Safari,18.5,Mobile,http://localhost:5173/,/,iOS,18.5.0,$direct,$direct,896,414,896,414,"Mozilla/5.0 (iPhone; CPU iPhone OS 18_5 like Mac OS X) AppleWebKit/605.1.15 (KHTML, like Gecko) Version/18.5 Mobile/15E148 Safari/604.1",Santa Clara,United States,US,North America,NA,95054,37.3931,-121.962,20,America/Los_Angeles,CA,California,GeoIP (019be95e-8fc1-0000-693d-22902402a2b8),False,2026-03-30 03:19:07.998000+00:00,296666,161,"a.nav-item:attr__class=""nav-item""attr__data-v-52b55215=""""attr__href=""/stories""href=""/stories""nth-child=""3""nth-of-type=""3""text=""Stories"";nav.bottom-nav:attr__class=""bottom-nav""attr__data-v-52b55215=""""attr__data-v-ccff5985=""""nth-child=""2""nth-of-type=""1"";div.main-layout:attr__class=""main-layout""attr__data-v-ccff5985=""""nth-child=""1""nth-of-type=""1"";div:attr__data-v-app=""""attr__id=""app""attr_id=""app""nth-child=""1""nth-of-type=""1"";body:attr__style=""font-size: 24px;""attr__youdao=""bind""nth-child=""3""nth-of-type=""1""",2026-03-30 03:19:13.431000+00:00,full,,,,,,,,,,,,,,,,,,,,click,1,Stories,a,nav-item,,,3,3,nav-item,,,0,,nav,bottom-nav,,,,1,bottom-nav,,,1,,div,main-layout,,,,,main-layout,,,2,,div,,,,1,1,,,,3,,body,,,,3,1,,,,4,,,,,,,,,,,,,,,,,,,,,,,,,,,,Stories,"""attr__href=",,"""attr__data-v-ccff5985=",2,"""nth-child=",1,,"""attr__id=",app,,font-size: 24px;,bind,,,/stories,,,,,,,,,,,,,,,,,,,,,,,,,,,,,,,,,,,,,,,,,,,,,,,,,,,,,,,,,,,,,,,,,,,,,,,,,,,,,,,,,,,,,,,,,,,,,,,,,,,,,,,,,,,,,,,,,,,,,,,,,,,,,,,,,,,,,,,,,,,,,,,,,,,,,,,,,,,,,,,,,,,,,,,,,,,,$autocapture,4@qq.com,34e80489-22e5-531b-b877-1e581c04d878,161,http://localhost:5173/,web,2026-03-30 03:19:07.998000+00:00
019d3cc0-92ce-732b-9525-911d7d5a1628,home_page_viewed,-480,161,18.5,604.1,896,False,iPhone,False,,phc_JvOxmPdgICJ99RrNk2sSOsqNhVt0HJkw9yAZcvYxl0Y,unset,$direct,019d3cc0-4589-784e-9862-b74704373751,Asia/Shanghai,019d3cc0-91a9-7101-9098-3246150528d4,99,4ef846ff-54b4-49f5-a1fc-7e4dc56b9a6b,zh,localhost:5173,414,zh-CN,1.334.1,019d3cc0-4589-784e-9862-b748d9c86108,False,0,True,http://localhost:5173/,019d34c1-1aa6-722e-8668-f477eef75b2a,1800000,2026-03-30T03:18:56.824Z,iOS,896,web,$direct,mobile,414,wahwkyqt0gorcvhk,disabled,161,Safari,synchronous,0,/,"Mozilla/5.0 (iPhone; CPU iPhone OS 18_5 like Mac OS X) AppleWebKit/605.1.15 (KHTML, like Gecko) Version/18.5 Mobile/15E148 Safari/604.1",1774840744511,False,False,1774840746.703,2604:a880:4:1d0:0:2:64bd:0,2026-03-30T03:19:09.378Z,Santa Clara,,,,California,CA,United States,US,North America,NA,95054,37.3931,-121.962,20,America/Los_Angeles,Safari,604.1,mobile,http://localhost:5173/,/,iOS,18.5,$direct,$direct,896,414,896,414,"Mozilla/5.0 (iPhone; CPU iPhone OS 18_5 like Mac OS X) AppleWebKit/605.1.15 (KHTML, like Gecko) Version/18.5 Mobile/15E148 Safari/604.1",Santa Clara,,,,California,CA,United States,US,North America,NA,95054,37.3931,-121.962,20,America/Los_Angeles,Safari,604.1,mobile,http://localhost:5173/,/,iOS,18.5,$direct,$direct,896,414,896,414,"Mozilla/5.0 (iPhone; CPU iPhone OS 18_5 like Mac OS X) AppleWebKit/605.1.15 (KHTML, like Gecko) Version/18.5 Mobile/15E148 Safari/604.1",Santa Clara,United States,US,North America,NA,95054,37.3931,-121.962,20,America/Los_Angeles,CA,California,GeoIP (019be95e-8fc1-0000-693d-22902402a2b8),False,2026-03-30 03:19:06.891000+00:00,296666,161,,2026-03-30 03:19:13.405000+00:00,full,,,,,,,,,,,,,,,,,,,,,,,,,,,,,,,,,,,,,,,,,,,,,,,,,,,,,,,,,,,,,,,,,,,,,,,,,,,,,,,,,,,,,,,,,,,,,,,,,,,,,,,,,,,,,,,,,,,,,,,,,,,,,,,,,,,,,,,,,,,,,,,,,,,,,,,,,,,,,,,,,,,,,,,,,,,,,,,,,,,,,,,,,,,,,,,,,,,,,,,,,,,,,,,,,,,,,,,,,,,,,,,,,,,,,,,,,,,,,,,,,,,,,,,,,,,,,,,,,,,,,,,,,,,,,,,,,,,,,,,,,,,,,,,,,,,home_page_viewed,4@qq.com,34e80489-22e5-531b-b877-1e581c04d878,161,http://localhost:5173/,web,2026-03-30 03:19:06.891000+00:00
019d3cc0-91a9-7101-9098-3246150528d4,$pageview,-480,161,18.5.0,18.5,896,False,iPhone,False,,phc_JvOxmPdgICJ99RrNk2sSOsqNhVt0HJkw9yAZcvYxl0Y,unset,$direct,019d3cc0-4589-784e-9862-b74704373751,Asia/Shanghai,019d3cc0-91a9-7101-9098-3246150528d4,98.44,4ef846ff-54b4-49f5-a1fc-7e4dc56b9a6b,zh,localhost:5173,414,zh-CN,1.334.1,019d3cc0-4589-784e-9862-b748d9c86108,False,0,True,http://localhost:5173/,019d34c1-1aa6-722e-8668-f477eef75b2a,1800000,2026-03-30T03:18:56.824Z,iOS,896,web,$direct,Mobile,414,kyenim0rpgrxxbxa,disabled,161,Mobile Safari,synchronous,0,/,"Mozilla/5.0 (iPhone; CPU iPhone OS 18_5 like Mac OS X) AppleWebKit/605.1.15 (KHTML, like Gecko) Version/18.5 Mobile/15E148 Safari/604.1",1774840744511,False,False,1774840746.409,2604:a880:4:1d0:0:2:64bd:0,2026-03-30T03:19:09.378Z,Santa Clara,,,,California,CA,United States,US,North America,NA,95054,37.3931,-121.962,20,America/Los_Angeles,Mobile Safari,18.5,Mobile,http://localhost:5173/,/,iOS,18.5.0,$direct,$direct,896,414,896,414,"Mozilla/5.0 (iPhone; CPU iPhone OS 18_5 like Mac OS X) AppleWebKit/605.1.15 (KHTML, like Gecko) Version/18.5 Mobile/15E148 Safari/604.1",Santa Clara,,,,California,CA,United States,US,North America,NA,95054,37.3931,-121.962,20,America/Los_Angeles,Mobile Safari,18.5,Mobile,http://localhost:5173/,/,iOS,18.5.0,$direct,$direct,896,414,896,414,"Mozilla/5.0 (iPhone; CPU iPhone OS 18_5 like Mac OS X) AppleWebKit/605.1.15 (KHTML, like Gecko) Version/18.5 Mobile/15E148 Safari/604.1",Santa Clara,United States,US,North America,NA,95054,37.3931,-121.962,20,America/Los_Angeles,CA,California,GeoIP (019be95e-8fc1-0000-693d-22902402a2b8),False,2026-03-30 03:19:06.598000+00:00,296666,161,,2026-03-30 03:19:13.368000+00:00,full,,,,,,,,1,896,1,0,896,/onboarding,1,1,0,1.576,019d3cc0-8b81-72f2-a101-1b506e0cab9a,BrushBuddy - Kids Brushing App,,,,,,,,,,,,,,,,,,,,,,,,,,,,,,,,,,,,,,,,,,,,,,,,,,,,,,,,,,,,,,,,,,,,,,,,,,,,,,,,,,,,,,,,,,,,,,,,,,,,,,,,,,,,,,,,,,,,,,,,,,,,,,,,,,,,,,,,,,,,,,,,,,,,,,,,,,,,,,,,,,,,,,,,,,,,,,,,,,,,,,,,,,,,,,,,,,,,,,,,,,,,,,,,,,,,,,,,,,,,,,,,,,,,,,,,,,,,,,,,,,,,,,,,,,,,,,,,,,,,,,,,,,,,,,,,$pageview,4@qq.com,34e80489-22e5-531b-b877-1e581c04d878,161,http://localhost:5173/,web,2026-03-30 03:19:06.598000+00:00
019d3cc0-917c-7c69-9b2a-48c92266bacc,$autocapture,-480,161,18.5.0,18.5,896,False,iPhone,False,,phc_JvOxmPdgICJ99RrNk2sSOsqNhVt0HJkw9yAZcvYxl0Y,unset,$direct,019d3cc0-4589-784e-9862-b74704373751,Asia/Shanghai,019d3cc0-8b81-72f2-a101-1b506e0cab9a,99,4ef846ff-54b4-49f5-a1fc-7e4dc56b9a6b,zh,localhost:5173,414,zh-CN,1.334.1,019d3cc0-4589-784e-9862-b748d9c86108,False,0,True,http://localhost:5173/onboarding,019d34c1-1aa6-722e-8668-f477eef75b2a,1800000,2026-03-30T03:18:56.824Z,iOS,896,web,$direct,Mobile,414,cxkei1yf3zl84t8i,disabled,161,Mobile Safari,synchronous,0,/onboarding,"Mozilla/5.0 (iPhone; CPU iPhone OS 18_5 like Mac OS X) AppleWebKit/605.1.15 (KHTML, like Gecko) Version/18.5 Mobile/15E148 Safari/604.1",1774840744511,False,False,1774840746.365,2604:a880:4:1d0:0:2:64bd:0,2026-03-30T03:19:09.378Z,Santa Clara,,,,California,CA,United States,US,North America,NA,95054,37.3931,-121.962,20,America/Los_Angeles,Mobile Safari,18.5,Mobile,http://localhost:5173/onboarding,/onboarding,iOS,18.5.0,$direct,$direct,896,414,896,414,"Mozilla/5.0 (iPhone; CPU iPhone OS 18_5 like Mac OS X) AppleWebKit/605.1.15 (KHTML, like Gecko) Version/18.5 Mobile/15E148 Safari/604.1",Santa Clara,,,,California,CA,United States,US,North America,NA,95054,37.3931,-121.962,20,America/Los_Angeles,Mobile Safari,18.5,Mobile,http://localhost:5173/onboarding,/onboarding,iOS,18.5.0,$direct,$direct,896,414,896,414,"Mozilla/5.0 (iPhone; CPU iPhone OS 18_5 like Mac OS X) AppleWebKit/605.1.15 (KHTML, like Gecko) Version/18.5 Mobile/15E148 Safari/604.1",Santa Clara,United States,US,North America,NA,95054,37.3931,-121.962,20,America/Los_Angeles,CA,California,GeoIP (019be95e-8fc1-0000-693d-22902402a2b8),False,2026-03-30 03:19:06.553000+00:00,296666,161,"button.skip-button:attr__class=""skip-button""attr__data-v-be159bb9=""""nth-child=""3""nth-of-type=""1""text=""Skip"";div.mobile-wrapper:attr__class=""mobile-wrapper""attr__data-v-be159bb9=""""nth-child=""1""nth-of-type=""1"";div.onboarding-container:attr__class=""onboarding-container""attr__data-v-be159bb9=""""nth-child=""1""nth-of-type=""1"";div:nth-child=""1""nth-of-type=""1"";div:attr__data-v-app=""""attr__id=""app""attr_id=""app""nth-child=""1""nth-of-type=""1"";body:attr__style=""font-size: 24px;""attr__youdao=""bind""nth-child=""3""nth-of-type=""1""",2026-03-30 03:19:13.188000+00:00,full,,,,,,,,,,,,,,,,,,,,click,1,Skip,button,skip-button,,,,,skip-button,,,0,,div,mobile-wrapper,,,,,mobile-wrapper,,1,1,,div,onboarding-container,,,,,onboarding-container,,,2,,div,,,,1,1,,,,3,,div,,,,1,1,,,,4,,body,,,,3,1,,,5,,,,,,,,,,,,,,,,,,Skip,,,,,,1,,,,,,,,,,,,,,,,,,,,,,,,,,,,,,,,,,,,,,,,,,,,,,,,,,,,,,,,,,,,,,,,,,,,,,,,,,,,,,,,,,,,,,,,,,,,,,,,,,,,,,,,,,,,,,,,,,,,,,,,,,,,,,,,,,,,,,,,,,,,,,,,,,,,,,,,,,,,,,,"""nth-child=",1,"""nth-child=","""nth-child=","""attr__id=",app,font-size: 24px;,bind,,,,,,,,,,,,,,,$autocapture,4@qq.com,34e80489-22e5-531b-b877-1e581c04d878,161,http://localhost:5173/onboarding,web,2026-03-30 03:19:06.553000+00:00
019d3cc0-8b81-72f2-a101-1b506e0cab9a,$pageview,-480,161,18.5.0,18.5,896,False,iPhone,False,,phc_JvOxmPdgICJ99RrNk2sSOsqNhVt0HJkw9yAZcvYxl0Y,unset,$direct,019d3cc0-4589-784e-9862-b74704373751,Asia/Shanghai,019d3cc0-8b81-72f2-a101-1b506e0cab9a,99,4ef846ff-54b4-49f5-a1fc-7e4dc56b9a6b,zh,localhost:5173,414,zh-CN,1.334.1,019d3cc0-4589-784e-9862-b748d9c86108,False,0,True,http://localhost:5173/onboarding,019d34c1-1aa6-722e-8668-f477eef75b2a,1800000,2026-03-30T03:18:56.824Z,iOS,896,web,$direct,Mobile,414,qo78yic2ztzl0ml6,disabled,161,Mobile Safari,synchronous,0,/onboarding,"Mozilla/5.0 (iPhone; CPU iPhone OS 18_5 like Mac OS X) AppleWebKit/605.1.15 (KHTML, like Gecko) Version/18.5 Mobile/15E148 Safari/604.1",1774840744511,False,False,1774840744.833,2604:a880:4:1d0:0:2:64bd:0,2026-03-30T03:19:05.436Z,Santa Clara,,,,California,CA,United States,US,North America,NA,95054,37.3931,-121.962,20,America/Los_Angeles,Mobile Safari,18.5,Mobile,http://localhost:5173/onboarding,/onboarding,iOS,18.5.0,$direct,$direct,896,414,896,414,"Mozilla/5.0 (iPhone; CPU iPhone OS 18_5 like Mac OS X) AppleWebKit/605.1.15 (KHTML, like Gecko) Version/18.5 Mobile/15E148 Safari/604.1",Santa Clara,,,,California,CA,United States,US,North America,NA,95054,37.3931,-121.962,20,America/Los_Angeles,Mobile Safari,18.5,Mobile,http://localhost:5173/onboarding,/onboarding,iOS,18.5.0,$direct,$direct,896,414,896,414,"Mozilla/5.0 (iPhone; CPU iPhone OS 18_5 like Mac OS X) AppleWebKit/605.1.15 (KHTML, like Gecko) Version/18.5 Mobile/15E148 Safari/604.1",Santa Clara,United States,US,North America,NA,95054,37.3931,-121.962,20,America/Los_Angeles,CA,California,GeoIP (019be95e-8fc1-0000-693d-22902402a2b8),False,2026-03-30 03:19:05.055000+00:00,296666,161,,2026-03-30 03:19:10.965000+00:00,full,,,,,,,,1,896,1,0,896,/login,1,1,0,6.331,019d3cc0-72c6-712f-ab3e-81909d07b33b,BrushBuddy - Kids Brushing App,,,,,,,,,,,,,,,,,,,,,,,,,,,,,,,,,,,,,,,,,,,,,,,,,,,,,,,,,,,,,,,,,,,,,,,,,,,,,,,,,,,,,,,,,,,,,,,,,,,,,,,,,,,,,,,,,,,,,,,,,,,,,,,,,,,,,,,,,,,,,,,,,,,,,,,,,,,,,,,,,,,,,,,,,,,,,,,,,,,,,,,,,,,,,,,,,,,,,,,,,,,,,,,,,,,,,,,,,,,,,,,,,,,,,,,,,,,,,,,,,,,,,,,,,,,,,,,,,,,,,,,,,,,,,,,,$pageview,4@qq.com,34e80489-22e5-531b-b877-1e581c04d878,161,http://localhost:5173/onboarding,web,2026-03-30 03:19:05.055000+00:00
019d3cc0-8947-77eb-ab7c-ab7e992de6a9,$identify,-480,161,18.5.0,18.5,896,False,iPhone,False,,phc_JvOxmPdgICJ99RrNk2sSOsqNhVt0HJkw9yAZcvYxl0Y,unset,$direct,019d3cc0-4589-784e-9862-b74704373751,Asia/Shanghai,019d3cc0-72c6-712f-ab3e-81909d07b33b,99,e03391dc-188e-4208-9dad-d81b7be3edda,zh,localhost:5173,414,zh-CN,1.334.1,019d3cc0-4589-784e-9862-b748d9c86108,False,0,True,http://localhost:5173/login,019d34c1-1aa6-722e-8668-f477eef75b2a,1800000,2026-03-30T03:18:56.824Z,iOS,896,web,$direct,Mobile,414,0xxipynjpzqzis2h,disabled,161,Mobile Safari,synchronous,0,/login,"Mozilla/5.0 (iPhone; CPU iPhone OS 18_5 like Mac OS X) AppleWebKit/605.1.15 (KHTML, like Gecko) Version/18.5 Mobile/15E148 Safari/604.1",1774840736973,False,False,1774840744.264,2604:a880:4:1d0:0:2:64bd:0,2026-03-30T03:19:04.265Z,Santa Clara,,,,California,CA,United States,US,North America,NA,95054,37.3931,-121.962,20,America/Los_Angeles,Mobile Safari,18.5,Mobile,http://localhost:5173/login,/login,iOS,18.5.0,$direct,$direct,896,414,896,414,"Mozilla/5.0 (iPhone; CPU iPhone OS 18_5 like Mac OS X) AppleWebKit/605.1.15 (KHTML, like Gecko) Version/18.5 Mobile/15E148 Safari/604.1",Santa Clara,,,,California,CA,United States,US,North America,NA,95054,37.3931,-121.962,20,America/Los_Angeles,Mobile Safari,18.5,Mobile,http://localhost:5173/,/,iOS,18.5.0,$direct,$direct,896,414,896,414,"Mozilla/5.0 (iPhone; CPU iPhone OS 18_5 like Mac OS X) AppleWebKit/605.1.15 (KHTML, like Gecko) Version/18.5 Mobile/15E148 Safari/604.1",Santa Clara,United States,US,North America,NA,95054,37.3931,-121.962,20,America/Los_Angeles,CA,California,GeoIP (019be95e-8fc1-0000-693d-22902402a2b8),False,2026-03-30 03:19:04.498000+00:00,296666,161,,2026-03-30 03:19:10.960000+00:00,full,,,,,,,,,,,,,,,,,,,,,,,,,,,,,,,,,,,,,,,,,,,,,,,,,,,,,,,,,,,,,,,,,,,,,,,,,,,,,,,,,,,,,,,,,,,,,,,,,,,,,,,,,,,,,,,,,,,,,,,,,,,,,,,,,,,,,,,,,,,,,,,,,,,,,,,,,,,,,,,,,,,localhost:5173,,,,,,,,,,,,,,,,,,,,,,,,,,,,,,,,,,,,,,,,,,,,,,,,,,,,,,,,,,,,,,,,,,,,,,,,,,,,,,,,,,,,,,,,,,,,,,,,,,,,,,,,,,,,,,,,,,,,,,,019d34c1-1aa6-722e-8668-f477eef75b2a,4@qq.com,yun,,,,,,,$identify,4@qq.com,34e80489-22e5-531b-b877-1e581c04d878,161,http://localhost:5173/login,web,2026-03-30 03:19:04.498000+00:00
019d3cc0-862b-7e7b-9195-cee2da631a1e,$autocapture,-480,019d34c1-1aa6-722e-8668-f477eef75b2a,18.5.0,18.5,896,False,iPhone,False,,phc_JvOxmPdgICJ99RrNk2sSOsqNhVt0HJkw9yAZcvYxl0Y,unset,$direct,019d3cc0-4589-784e-9862-b74704373751,Asia/Shanghai,019d3cc0-72c6-712f-ab3e-81909d07b33b,99,e03391dc-188e-4208-9dad-d81b7be3edda,zh,localhost:5173,414,zh-CN,1.334.1,019d3cc0-4589-784e-9862-b748d9c86108,False,0,False,http://localhost:5173/login,019d34c1-1aa6-722e-8668-f477eef75b2a,1800000,2026-03-30T03:18:56.824Z,iOS,896,web,$direct,Mobile,414,cfu7nth2q9fej13b,disabled,,Mobile Safari,synchronous,0,/login,"Mozilla/5.0 (iPhone; CPU iPhone OS 18_5 like Mac OS X) AppleWebKit/605.1.15 (KHTML, like Gecko) Version/18.5 Mobile/15E148 Safari/604.1",1774840736973,False,False,1774840743.468,2604:a880:4:1d0:0:2:64bd:0,2026-03-30T03:19:05.436Z,,,,,,,,,,,,,,,,,,,,,,,,,,,,,,,,,,,,,,,,,,,,,,,,,,,,,,,,,,,Santa Clara,United States,US,North America,NA,95054,37.3931,-121.962,20,America/Los_Angeles,CA,California,GeoIP (019be95e-8fc1-0000-693d-22902402a2b8),False,2026-03-30 03:19:03.689000+00:00,296666,019d34c1-1aa6-722e-8668-f477eef75b2a,"input.text-input:attr__class=""text-input""nth-child=""2""nth-of-type=""1"";div.input-group:attr__class=""input-group""attr__data-v-69f7c28a=""""nth-child=""2""nth-of-type=""2"";div.form-section:attr__class=""form-section""attr__data-v-69f7c28a=""""nth-child=""2""nth-of-type=""2"";div.mobile-wrapper:attr__class=""mobile-wrapper""attr__data-v-69f7c28a=""""nth-child=""1""nth-of-type=""1"";div.login-container:attr__class=""login-container""attr__data-v-69f7c28a=""""nth-child=""1""nth-of-type=""1"";div:nth-child=""1""nth-of-type=""1"";div:attr__data-v-app=""""attr__id=""app""attr_id=""app""nth-child=""1""nth-of-type=""1"";body:attr__style=""font-size: 24px;""attr__youdao=""bind""nth-child=""3""nth-of-type=""1""",2026-03-30 03:19:08.428000+00:00,propertyless,,,,,,,,,,,,,,,,,,,,change,1,,input,text-input,,,2,1,text-input,,,0,,div,input-group,,,,,input-group,,,1,,div,form-section,,,,,form-section,,,2,,div,mobile-wrapper,,,,,mobile-wrapper,,1,3,,div,login-container,,,,,login-container,,1,4,,div,,,,1,1,,,5,,div,,,,1,1,,,6,,,,,,,,,,,,,,,,,,,,,,,,,,,,,,,,,,,2,,,,,,"""attr__id=",app,,body,,,,3,1,font-size: 24px;,bind,7,,,,,,,,,,,,,,,,,,,,,,,,,,,,,,,,,,,,,,,,,,,,,,,,,,,,,,,,,,,,,,,,,,,,,,,,,,,,,,,,,,,,,,,,,,,,,,,,,,,,,,,,,,,,,,,,,2,,,,,,,,,,,,,,,,,"""nth-child=","""nth-child=","""nth-child=","""nth-child=",,,,False,,,,,,$autocapture,019d34c1-1aa6-722e-8668-f477eef75b2a,34e80489-22e5-531b-b877-1e581c04d878,019d34c1-1aa6-722e-8668-f477eef75b2a,http://localhost:5173/login,web,2026-03-30 03:19:03.689000+00:00
019d3cc0-8221-75f6-b161-068bb20a3d22,$autocapture,-480,019d34c1-1aa6-722e-8668-f477eef75b2a,18.5.0,18.5,896,False,iPhone,False,,phc_JvOxmPdgICJ99RrNk2sSOsqNhVt0HJkw9yAZcvYxl0Y,unset,$direct,019d3cc0-4589-784e-9862-b74704373751,Asia/Shanghai,019d3cc0-72c6-712f-ab3e-81909d07b33b,99,e03391dc-188e-4208-9dad-d81b7be3edda,zh,localhost:5173,414,zh-CN,1.334.1,019d3cc0-4589-784e-9862-b748d9c86108,False,0,False,http://localhost:5173/login,019d34c1-1aa6-722e-8668-f477eef75b2a,1800000,2026-03-30T03:18:56.824Z,iOS,896,web,$direct,Mobile,414,aok7v53ggmv6l5lp,disabled,,Mobile Safari,synchronous,0,/login,"Mozilla/5.0 (iPhone; CPU iPhone OS 18_5 like Mac OS X) AppleWebKit/605.1.15 (KHTML, like Gecko) Version/18.5 Mobile/15E148 Safari/604.1",1774840736973,False,False,1774840742.433,2604:a880:4:1d0:0:2:64bd:0,2026-03-30T03:19:05.436Z,,,,,,,,,,,,,,,,,,,,,,,,,,,,,,,,,,,,,,,,,,,,,,,,,,,,,,,,,,,Santa Clara,United States,US,North America,NA,95054,37.3931,-121.962,20,America/Los_Angeles,CA,California,GeoIP (019be95e-8fc1-0000-693d-22902402a2b8),False,2026-03-30 03:19:02.655000+00:00,296666,019d34c1-1aa6-722e-8668-f477eef75b2a,"input.text-input:attr__class=""text-input""nth-child=""2""nth-of-type=""1"";div.input-group:attr__class=""input-group""attr__data-v-69f7c28a=""""nth-child=""1""nth-of-type=""1"";div.form-section:attr__class=""form-section""attr__data-v-69f7c28a=""""nth-child=""2""nth-of-type=""2"";div.mobile-wrapper:attr__class=""mobile-wrapper""attr__data-v-69f7c28a=""""nth-child=""1""nth-of-type=""1"";div.login-container:attr__class=""login-container""attr__data-v-69f7c28a=""""nth-child=""1""nth-of-type=""1"";div:nth-child=""1""nth-of-type=""1"";div:attr__data-v-app=""""attr__id=""app""attr_id=""app""nth-child=""1""nth-of-type=""1"";body:attr__style=""font-size: 24px;""attr__youdao=""bind""nth-child=""3""nth-of-type=""1""",2026-03-30 03:19:08.371000+00:00,propertyless,,,,,,,,,,,,,,,,,,,,change,1,,input,text-input,,,2,1,text-input,,,0,,div,input-group,,,,,input-group,,1,1,,div,form-section,,,,,form-section,,,2,,div,mobile-wrapper,,,,,mobile-wrapper,,1,3,,div,login-container,,,,,login-container,,1,4,,div,,,,1,1,,,5,,div,,,,1,1,,,6,,,,,,,,,,,,,,,,,,,,,,,,,,,,,,,,,,,,,,,,,"""attr__id=",app,,body,,,,3,1,font-size: 24px;,bind,7,,,,,,,,,,,,,,,,,,,,,,,,,,,,,,,,,,,,,,,,,,,,,,,,,,,,,,,,,,,,,,,,,,,,,,,,,,,,,,,,,,,,,,,,,,,,,,,,,,,,,,,,,,,,,,,,,2,,,,,,,,,,,,,,,,,"""nth-child=","""nth-child=","""nth-child=","""nth-child=",,,,False,,,,,,$autocapture,019d34c1-1aa6-722e-8668-f477eef75b2a,34e80489-22e5-531b-b877-1e581c04d878,019d34c1-1aa6-722e-8668-f477eef75b2a,http://localhost:5173/login,web,2026-03-30 03:19:02.655000+00:00
019d3cc0-76af-719e-af4e-a2c85db19de6,$autocapture,-480,019d34c1-1aa6-722e-8668-f477eef75b2a,18.5.0,18.5,896,False,iPhone,False,,phc_JvOxmPdgICJ99RrNk2sSOsqNhVt0HJkw9yAZcvYxl0Y,unset,$direct,019d3cc0-4589-784e-9862-b74704373751,Asia/Shanghai,019d3cc0-72c6-712f-ab3e-81909d07b33b,99,e03391dc-188e-4208-9dad-d81b7be3edda,zh,localhost:5173,414,zh-CN,1.334.1,019d3cc0-4589-784e-9862-b748d9c86108,False,0,False,http://localhost:5173/login,019d34c1-1aa6-722e-8668-f477eef75b2a,1800000,2026-03-30T03:18:56.824Z,iOS,896,web,$direct,Mobile,414,vvo1l95xx3ykboy0,disabled,,Mobile Safari,synchronous,0,/login,"Mozilla/5.0 (iPhone; CPU iPhone OS 18_5 like Mac OS X) AppleWebKit/605.1.15 (KHTML, like Gecko) Version/18.5 Mobile/15E148 Safari/604.1",1774840736973,False,False,1774840739.503,2604:a880:4:1d0:0:2:64bd:0,2026-03-30T03:18:59.837Z,,,,,,,,,,,,,,,,,,,,,,,,,,,,,,,,,,,,,,,,,,,,,,,,,,,,,,,,,,,Santa Clara,United States,US,North America,NA,95054,37.3931,-121.962,20,America/Los_Angeles,CA,California,GeoIP (019be95e-8fc1-0000-693d-22902402a2b8),False,2026-03-30 03:18:59.655000+00:00,296666,019d34c1-1aa6-722e-8668-f477eef75b2a,"input.text-input:attr__class=""text-input""nth-child=""2""nth-of-type=""1"";div.input-group:attr__class=""input-group""attr__data-v-69f7c28a=""""nth-child=""1""nth-of-type=""1"";div.form-section:attr__class=""form-section""attr__data-v-69f7c28a=""""nth-child=""2""nth-of-type=""2"";div.mobile-wrapper:attr__class=""mobile-wrapper""attr__data-v-69f7c28a=""""nth-child=""1""nth-of-type=""1"";div.login-container:attr__class=""login-container""attr__data-v-69f7c28a=""""nth-child=""1""nth-of-type=""1"";div:nth-child=""1""nth-of-type=""1"";div:attr__data-v-app=""""attr__id=""app""attr_id=""app""nth-child=""1""nth-of-type=""1"";body:attr__style=""font-size: 24px;""attr__youdao=""bind""nth-child=""3""nth-of-type=""1""",2026-03-30 03:19:02.249000+00:00,propertyless,,,,,,,,,,,,,,,,,,,,click,1,,input,text-input,,,2,1,text-input,,,0,,div,input-group,,,,,input-group,,1,1,,div,form-section,,,,,form-section,,,2,,div,mobile-wrapper,,,,,mobile-wrapper,,1,3,,div,login-container,,,,,login-container,,1,4,,div,,,,1,1,,,5,,div,,,,1,1,,,6,,,,,,,,,,,,,,,,,,,,,,,,,,,,,,,,,,,,,,,,,"""attr__id=",app,,body,,,,3,1,font-size: 24px;,bind,7,,,,,,,,,,,,,,,,,,,,,,,,,,,,,,,,,,,,,,,,,,,,,,,,,,,,,,,,,,,,,,,,,,,,,,,,,,,,,,,,,,,,,,,,,,,,,,,,,,,,,,,,,,,,,,,,,2,,,,,,,,,,,,,,,,,"""nth-child=","""nth-child=","""nth-child=","""nth-child=",,,,False,,,,,,$autocapture,019d34c1-1aa6-722e-8668-f477eef75b2a,34e80489-22e5-531b-b877-1e581c04d878,019d34c1-1aa6-722e-8668-f477eef75b2a,http://localhost:5173/login,web,2026-03-30 03:18:59.655000+00:00
019d3cc0-72c6-712f-ab3e-81909d07b33b,$pageview,-480,019d34c1-1aa6-722e-8668-f477eef75b2a,18.5.0,18.5,896,False,iPhone,False,,phc_JvOxmPdgICJ99RrNk2sSOsqNhVt0HJkw9yAZcvYxl0Y,unset,$direct,019d3cc0-4589-784e-9862-b74704373751,Asia/Shanghai,019d3cc0-72c6-712f-ab3e-81909d07b33b,99,e03391dc-188e-4208-9dad-d81b7be3edda,zh,localhost:5173,414,zh-CN,1.334.1,019d3cc0-4589-784e-9862-b748d9c86108,False,0,False,http://localhost:5173/login,019d34c1-1aa6-722e-8668-f477eef75b2a,1800000,2026-03-30T03:18:56.824Z,iOS,896,web,$direct,Mobile,414,vtbch5bzlxtt3s95,disabled,,Mobile Safari,synchronous,0,/login,"Mozilla/5.0 (iPhone; CPU iPhone OS 18_5 like Mac OS X) AppleWebKit/605.1.15 (KHTML, like Gecko) Version/18.5 Mobile/15E148 Safari/604.1",1774840736973,False,False,1774840738.504,2604:a880:4:1d0:0:2:64bd:0,2026-03-30T03:18:59.837Z,,,,,,,,,,,,,,,,,,,,,,,,,,,,,,,,,,,,,,,,,,,,,,,,,,,,,,,,,,,Santa Clara,United States,US,North America,NA,95054,37.3931,-121.962,20,America/Los_Angeles,CA,California,GeoIP (019be95e-8fc1-0000-693d-22902402a2b8),False,2026-03-30 03:18:58.654000+00:00,296666,019d34c1-1aa6-722e-8668-f477eef75b2a,,2026-03-30 03:19:02.181000+00:00,propertyless,,,,,,,,,,,,,,,,,,,BrushBuddy - Kids Brushing App,,,,,,,,,,,,,,,,,,,,,,,,,,,,,,,,,,,,,,,,,,,,,,,,,,,,,,,,,,,,,,,,,,,,,,,,,,,,,,,,,,,,,,,,,,,,,,,,,,,,,,,,,,,,,,,,,,,,,,,,,,,,,,,,,,,,,,,,,,,,,,,,,,,,,,,,,,,,,,,,,,,,,,,,,,,,,,,,,,,,,,,,,,,,,,,,,,,,,,,,,,,,,,,,,,,,,,,,,,,,,,,,,,,,,,,,,,,,,,,,,,,,,,,,,,,,,,,,,,,,,,,,,,False,,,,,,$pageview,019d34c1-1aa6-722e-8668-f477eef75b2a,34e80489-22e5-531b-b877-1e581c04d878,019d34c1-1aa6-722e-8668-f477eef75b2a,http://localhost:5173/login,web,2026-03-30 03:18:58.654000+00:00
019d3cc0-46f1-7966-b361-27e634337294,home_page_viewed,-480,019d34c1-1aa6-722e-8668-f477eef75b2a,18.5,604.1,896,False,iPhone,False,,phc_JvOxmPdgICJ99RrNk2sSOsqNhVt0HJkw9yAZcvYxl0Y,unset,$direct,019d3cc0-4589-784e-9862-b74704373751,Asia/Shanghai,019d3cc0-4586-7881-b356-8b2e356fb507,99,96d9abe0-f9e5-453e-ad9a-3b0594ab081d,zh,localhost:5173,414,zh-CN,1.334.1,019d3cc0-4589-784e-9862-b748d9c86108,False,0,False,http://localhost:5173/,019d34c1-1aa6-722e-8668-f477eef75b2a,1800000,2026-03-30T03:18:44.878Z,iOS,896,web,$direct,mobile,414,eh3uhvf8kdj506o9,disabled,,Safari,synchronous,2,/,"Mozilla/5.0 (iPhone; CPU iPhone OS 18_5 like Mac OS X) AppleWebKit/605.1.15 (KHTML, like Gecko) Version/18.5 Mobile/15E148 Safari/604.1",1774840726120,False,False,1774840727.282,2604:a880:4:1d0:0:2:64bd:0,2026-03-30T03:18:47.885Z,,,,,,,,,,,,,,,,,,,,,,,,,,,,,,,,,,,,,,,,,,,,,,,,,,,,,,,,,,,Santa Clara,United States,US,North America,NA,95054,37.3931,-121.962,20,America/Los_Angeles,CA,California,GeoIP (019be95e-8fc1-0000-693d-22902402a2b8),False,2026-03-30 03:18:47.487000+00:00,296666,019d34c1-1aa6-722e-8668-f477eef75b2a,,2026-03-30 03:18:50.159000+00:00,propertyless,,,,,,,,,,,,,,,,,,,,,,,,,,,,,,,,,,,,,,,,,,,,,,,,,,,,,,,,,,,,,,,,,,,,,,,,,,,,,,,,,,,,,,,,,,,,,,,,,,,,,,,,,,,,,,,,,,,,,,,,,,,,,,,,,,,,,,,,,,,,,,,,,,,,,,,,,,,,,,,,,,,,,,,,,,,,,,,,,,,,,,,,,,,,,,,,,,,,,,,,,,,,,,,,,,,,,,,,,,,,,,,,,,,,,,,,,,,,,,,,,,,,,,,,,,,,,,,,,,,,,,,,,,,,,,,,,,,,,,,,,,,,,False,http://localhost:5173/,/,localhost:5173,http://localhost:5173/,localhost:5173,home_page_viewed,019d34c1-1aa6-722e-8668-f477eef75b2a,34e80489-22e5-531b-b877-1e581c04d878,019d34c1-1aa6-722e-8668-f477eef75b2a,http://localhost:5173/,web,2026-03-30 03:18:47.487000+00:00
019d3cc0-4586-7881-b356-8b2e356fb507,$pageview,-480,019d34c1-1aa6-722e-8668-f477eef75b2a,18.5.0,18.5,896,False,iPhone,False,,phc_JvOxmPdgICJ99RrNk2sSOsqNhVt0HJkw9yAZcvYxl0Y,unset,$direct,019d3cc0-4589-784e-9862-b74704373751,Asia/Shanghai,019d3cc0-4586-7881-b356-8b2e356fb507,99,96d9abe0-f9e5-453e-ad9a-3b0594ab081d,zh,localhost:5173,414,zh-CN,1.334.1,019d3cc0-4589-784e-9862-b748d9c86108,False,0,False,http://localhost:5173/,019d34c1-1aa6-722e-8668-f477eef75b2a,1800000,2026-03-30T03:18:44.878Z,iOS,896,web,$direct,Mobile,414,kc5lzzf5ohxadhg9,disabled,,Mobile Safari,synchronous,2,/,"Mozilla/5.0 (iPhone; CPU iPhone OS 18_5 like Mac OS X) AppleWebKit/605.1.15 (KHTML, like Gecko) Version/18.5 Mobile/15E148 Safari/604.1",1774840726120,False,False,1774840726.921,2604:a880:4:1d0:0:2:64bd:0,2026-03-30T03:18:47.885Z,,,,,,,,,,,,,,,,,,,,,,,,,,,,,,,,,,,,,,,,,,,,,,,,,,,,,,,,,,,Santa Clara,United States,US,North America,NA,95054,37.3931,-121.962,20,America/Los_Angeles,CA,California,GeoIP (019be95e-8fc1-0000-693d-22902402a2b8),False,2026-03-30 03:18:47.124000+00:00,296666,019d34c1-1aa6-722e-8668-f477eef75b2a,,2026-03-30 03:18:50.153000+00:00,propertyless,,,,,,,,,,,,,,,,,,,BrushBuddy - Kids Brushing App,,,,,,,,,,,,,,,,,,,,,,,,,,,,,,,,,,,,,,,,,,,,,,,,,,,,,,,,,,,,,,,,,,,,,,,,,,,,,,,,,,,,,,,,,,,,,,,,,,,,,,,,,,,,,,,,,,,,,,,,,,,,,,,,,,,,,,,,,,,,,,,,,,,,,,,,,,,,,,,,,,,,,,,,,,,,,,,,,,,,,,,,,,,,,,,,,,,,,,,,,,,,,,,,,,,,,,,,,,,,,,,,,,,,,,,,,,,,,,,,,,,,,,,,,,,,,,,,,,,,,,,,,,False,http://localhost:5173/,/,localhost:5173,http://localhost:5173/,localhost:5173,$pageview,019d34c1-1aa6-722e-8668-f477eef75b2a,34e80489-22e5-531b-b877-1e581c04d878,019d34c1-1aa6-722e-8668-f477eef75b2a,http://localhost:5173/,web,2026-03-30 03:18:47.124000+00:00
